model	U	eb1_1	eb2_1	mu	t	tb1_1	tb2_1	ave_U_1	ave_eb1_1	ave_eb2_1	ave_mu_1	ave_t_1	ave_tb1_1	ave_tb2_1	var_U_1	var_eb1_1	var_eb2_1	var_mu_1	var_t_1	var_tb1_1	var_tb2_1	E0_1	sector_1	githash	distance	diff_param	diff_hybrid	time
1D_2_4b	4	1	-1	2	1	0.5	0.5	0.096246433	0.072538438	3.9274616	1	-0.68403962	-0.72257031	-0.72257031	0.039177113	0.069788304	0.069788304	0.028690059	0.43790431	1.8294373	1.8294373	-9.1756012	R0:N6:S0:1	e569cda	 4.21e-04	 3.08e-01	 1.00e+06	2022-03-21@18:29
1D_2_4b	4	1.4026358	-1.4026358	2	1	0.66439283	0.66439276	0.10363093	0.095045776	3.9049542	0.99999999	-0.67616856	-0.83386402	-0.83386397	0.041649213	0.090301988	0.090301977	0.037707471	0.41953765	1.7729235	1.7729236	-10.97523	R0:N6:S0:1	e569cda	 3.90e-04	 3.53e-02	 1.50e-02	2022-03-21@18:29
1D_2_4b	4	1.3527342	-1.3527343	2	1	0.66500735	0.66500703	0.10461477	0.099692614	3.9003074	0.99999997	-0.67459012	-0.85178799	-0.85178773	0.041974814	0.094504863	0.094504809	0.039014785	0.41673427	1.7655008	1.7655011	-10.786374	R0:N6:S0:1	e569cda	 4.18e-04	 1.21e-02	 1.48e-03	2022-03-21@18:29
1D_2_4b	4	1.3356106	-1.335611	2	1	0.66396659	0.66396643	0.10485266	0.100935	3.899065	0.99999998	-0.67417096	-0.85636389	-0.8563637	0.042053375	0.095626857	0.095626816	0.039337964	0.41603129	1.7637155	1.7637157	-10.719539	R0:N6:S0:1	e569cda	 4.26e-04	 3.39e-03	 3.92e-04	2022-03-21@18:29
1D_2_4b	4	1.3308337	-1.330834	2	1	0.66364658	0.66364662	0.10491712	0.10127732	3.8987227	1	-0.67405559	-0.8576135	-0.85761348	0.042074652	0.095935848	0.095935843	0.039425818	0.41583981	1.7632327	1.7632327	-10.700848	R0:N6:S0:1	e569cda	 4.29e-04	 9.24e-04	 1.08e-04	2022-03-21@18:29
1D_2_4b	4	1.3295298	-1.3295297	2	1	0.66355911	0.6635595	0.10493478	0.10137122	3.8986287	1	-0.67402394	-0.85795572	-0.85795602	0.042080484	0.096020595	0.096020658	0.039449883	0.41578736	1.7631007	1.7631004	-10.695746	R0:N6:S0:1	e569cda	 4.30e-04	 2.55e-04	 2.96e-05	2022-03-21@18:29
1D_2_4b	4	1.3291704	-1.3291699	2	1	0.66353493	0.66353498	0.10493962	0.10139708	3.8986029	1	-0.67401523	-0.85804992	-0.85805005	0.04208208	0.096043936	0.096043964	0.039456495	0.41577294	1.7630643	1.7630642	-10.694337	R0:N6:S0:1	e569cda	 4.30e-04	 7.02e-05	 8.14e-06	2022-03-21@18:29
1D_2_4b	4	1.3290711	-1.329071	2	1	0.66352821	0.66352829	0.10494095	0.10140421	3.8985958	1	-0.67401283	-0.85807588	-0.85807595	0.04208252	0.096050368	0.096050383	0.039458316	0.41576897	1.7630543	1.7630542	-10.693951	R0:N6:S0:1	e569cda	 4.30e-04	 1.97e-06	 2.24e-06	2022-03-21@18:29
1D_2_4b	4	1.3290703	-1.3290703	2	1	0.66353093	0.6635309	0.1049412	0.10140526	3.8985947	1	-0.67401247	-0.85808006	-0.85808005	0.042082602	0.096051308	0.096051306	0.039458641	0.4157683	1.7630523	1.7630523	-10.693952	R0:N6:S0:1	e569cda	 4.30e-04	 0.00e+00	 4.01e-07	2022-03-21@18:29
1D_2_4b	4	1.3290703	-1.3290703	1.98	1	0.66353093	0.6635309	0.1044838	0.10233425	3.8995065	0.99907964	-0.67400951	-0.86161598	-0.85459351	0.041936156	0.096863707	0.095252941	0.039461693	0.41576127	1.758624	1.7674446	-10.653971	R0:N6:S0:1	e569cda	 4.30e-04	 1.17e-02	 1.00e+06	2022-03-21@18:29
1D_2_4b	4	1.3455566	-1.3123909	1.98	1	0.66370941	0.66332641	0.10484659	0.10160103	3.8987807	0.99980913	-0.67401084	-0.85884162	-0.85735181	0.042052291	0.096223424	0.095887991	0.039459785	0.41576571	1.7621406	1.763952	-10.587233	R0:N6:S0:1	e569cda	 4.31e-04	 3.71e-03	 4.71e-04	2022-03-21@18:29
1D_2_4b	4	1.3507437	-1.3070789	1.98	1	0.66387338	0.66313122	0.10495134	0.10139112	3.8985705	1.0000192	-0.67401083	-0.85805519	-0.85813672	0.042085762	0.096040433	0.09607132	0.039459534	0.41576614	1.7631575	1.7629391	-10.56597	R0:N6:S0:1	e569cda	 4.31e-04	 1.09e-03	 1.36e-04	2022-03-21@18:29
1D_2_4b	4	1.3522783	-1.3055269	1.98	1	0.66392805	0.66307225	0.10498188	0.10133027	3.8985093	1.0000802	-0.67401077	-0.85782771	-0.8583651	0.042095516	0.095987389	0.096124704	0.039459557	0.41576607	1.7634526	1.7626439	-10.55976	R0:N6:S0:1	e569cda	 4.31e-04	 3.12e-04	 3.96e-05	2022-03-21@18:29
1D_2_4b	4	1.352705	-1.3050721	1.98	1	0.66394181	0.66305485	0.10499078	0.10131347	3.898491	1.0000978	-0.67401053	-0.8577647	-0.85843327	0.04209836	0.095972762	0.096140678	0.039459733	0.41576567	1.7635365	1.7625581	-10.557941	R0:N6:S0:1	e569cda	 4.32e-04	 9.98e-05	 1.14e-05	2022-03-21@18:29
1D_2_4b	4	1.3528438	-1.3049289	1.98	1	0.66394773	0.66304785	0.10499346	0.10130815	3.8984856	1.0001031	-0.67401051	-0.8577449	-0.85845321	0.042099215	0.09596813	0.096145373	0.039459735	0.41576566	1.7635625	1.7625321	-10.557368	R0:N6:S0:1	e569cda	 4.32e-04	 2.49e-05	 3.49e-06	2022-03-21@18:29
1D_2_4b	4	1.3528807	-1.3048955	1.98	1	0.66394878	0.66304707	0.10499416	0.10130658	3.8984843	1.0001046	-0.67401055	-0.857739	-0.85845826	0.042099441	0.095966753	0.096146539	0.039459706	0.41576573	1.7635697	1.7625253	-10.557234	R0:N6:S0:1	e569cda	 4.32e-04	 7.44e-07	 9.40e-07	2022-03-21@18:29
1D_2_4b	4	1.3766919	-1.2807201	1.96	1	0.66436494	0.66256548	0.10504747	0.10120806	3.8983728	1.0002096	-0.67400845	-0.8573982	-0.85884005	0.042116387	0.095882328	0.096242614	0.039460947	0.41576277	1.7640878	1.7619953	-10.420514	R0:N6:S0:1	e569cda	 4.36e-04	 1.46e-04	 1.00e+06	2022-03-21@18:29
1D_2_4b	4	1.3765438	-1.2804764	1.96	1	0.66432897	0.66251531	0.10504795	0.10121046	3.8983685	1.0002105	-0.67400741	-0.85740336	-0.85885134	0.042116533	0.095884589	0.096246524	0.039461149	0.41576197	1.7640932	1.7619907	-10.419505	R0:N6:S0:1	e569cda	 4.36e-04	 1.25e-06	 3.99e-06	2022-03-21@18:29
1D_2_4b	4	1.3765433	-1.2804756	1.96	1	0.66432915	0.66251761	0.10504817	0.10121078	3.8983677	1.0002107	-0.67400723	-0.85740457	-0.85885421	0.042116605	0.095884877	0.096247158	0.039461309	0.41576163	1.7640931	1.7619889	-10.419504	R0:N6:S0:1	e569cda	 4.36e-04	 0.00e+00	 2.72e-07	2022-03-21@18:29
1D_2_4b	4	1.4000569	-1.2558114	1.94	1	0.66467458	0.66193916	0.10510291	0.10111829	3.8982459	1.0003179	-0.67400255	-0.8570786	-0.85926502	0.042133999	0.095806049	0.09635257	0.039463411	0.4157561	1.7646205	1.7614457	-10.280765	R0:N6:S0:1	e569cda	 4.45e-04	 9.98e-05	 1.00e+06	2022-03-21@18:29
1D_2_4b	4	1.3998797	-1.2557247	1.94	1	0.66464898	0.66192202	0.10510292	0.10112461	3.8982422	1.0003166	-0.6740009	-0.85709983	-0.85927686	0.042134008	0.09581172	0.096355968	0.039464414	0.41575377	1.7646092	1.7614473	-10.280408	R0:N6:S0:1	e569cda	 4.45e-04	 3.99e-05	 2.39e-06	2022-03-21@18:29
1D_2_4b	4	1.3998049	-1.2556989	1.94	1	0.66464062	0.66191781	0.10510297	0.10112794	3.8982403	1.0003159	-0.67400004	-0.85711153	-0.85928315	0.042134027	0.095814702	0.096357648	0.039465008	0.41575244	1.7646024	1.7614479	-10.280305	R0:N6:S0:1	e569cda	 4.45e-04	 7.63e-07	 1.00e-06	2022-03-21@18:29
1D_2_4b	4	1.4226648	-1.2305647	1.92	1	0.66488658	0.66125005	0.10515883	0.1010592	3.8981009	1.0004199	-0.67398859	-0.85686463	-0.85974939	0.042151795	0.09575728	0.096479027	0.039471155	0.4157374	1.7650953	1.7609003	-10.139638	R0:N6:S0:1	e569cda	 4.57e-04	 6.34e-05	 1.00e+06	2022-03-21@18:29
1D_2_4b	4	1.4227667	-1.2306378	1.92	1	0.66490232	0.66126174	0.10515848	0.10105543	3.8981041	1.0004202	-0.67398974	-0.85685205	-0.85973868	0.04215168	0.095753878	0.096476105	0.039470437	0.41573906	1.7651003	1.7609025	-10.139936	R0:N6:S0:1	e569cda	 4.57e-04	 7.13e-07	 1.55e-06	2022-03-21@18:29
1D_2_4b	4	1.4454307	-1.2052938	1.9	1	0.66510759	0.66054496	0.10521431	0.10099086	3.897961	1.0005241	-0.67397708	-0.85661655	-0.86021321	0.042169429	0.095700265	0.096600825	0.039476916	0.41572292	1.7655921	1.7603554	-9.9983958	R0:N6:S0:1	e569cda	 4.73e-04	 2.14e-05	 1.00e+06	2022-03-21@18:29
1D_2_4b	4	1.4454725	-1.2053006	1.9	1	0.66511373	0.66054474	0.10521422	0.10098936	3.897962	1.0005243	-0.6739775	-0.85661148	-0.86020942	0.042169398	0.095698924	0.096599875	0.039476622	0.41572358	1.7655949	1.7603557	-9.9984231	R0:N6:S0:1	e569cda	 4.73e-04	 4.94e-07	 5.42e-07	2022-03-21@18:29
1D_2_4b	4	1.4679222	-1.1796866	1.88	1	0.66527609	0.65977008	0.10527052	0.1009304	3.8978128	1.0006284	-0.67396299	-0.85639246	-0.8606998	0.042187289	0.095650445	0.096729981	0.03948384	0.4157054	1.7660858	1.7598048	-9.8557657	R0:N6:S0:1	e569cda	 4.92e-04	 9.23e-07	 1.00e+06	2022-03-21@18:29
1D_2_4b	4	1.4901146	-1.1537951	1.86	1	0.66539419	0.65893242	0.10532695	0.10087945	3.8976574	1.0007316	-0.67394622	-0.85619885	-0.86120614	0.042205215	0.095609256	0.096865697	0.039492089	0.41568454	1.7665692	1.7592536	-9.7119608	R0:N6:S0:1	e569cda	 5.16e-04	 5.60e-05	 1.00e+06	2022-03-21@18:29
1D_2_4b	4	1.4900799	-1.1536906	1.86	1	0.66538784	0.6589127	0.10532738	0.10088104	3.8976549	1.000732	-0.67394555	-0.85620403	-0.86121359	0.042205354	0.095610741	0.096867943	0.039492428	0.4156837	1.7665703	1.7592496	-9.7115347	R0:N6:S0:1	e569cda	 5.16e-04	 7.11e-07	 1.75e-06	2022-03-21@18:29
1D_2_4b	4	1.5119452	-1.1273124	1.84	1	0.66544474	0.65798106	0.10538561	0.10084101	3.8974861	1.0008364	-0.67392486	-0.85604478	-0.86175919	0.04222385	0.095579587	0.097015624	0.039502656	0.41565791	1.7670521	1.7586834	-9.565733	R0:N6:S0:1	e569cda	 5.45e-04	 4.72e-05	 1.00e+06	2022-03-21@18:29
1D_2_4b	4	1.5118717	-1.1273706	1.84	1	0.6654364	0.65798804	0.10538484	0.10084313	3.8974874	1.0008347	-0.67392472	-0.85605212	-0.86175501	0.042223607	0.09558143	0.097014571	0.039502759	0.41565768	1.7670431	1.7586912	-9.565966	R0:N6:S0:1	e569cda	 5.45e-04	 8.72e-07	 1.39e-06	2022-03-21@18:29
1D_2_4b	4	1.5332971	-1.1007275	1.82	1	0.66542603	0.65698655	0.10544204	0.10081698	3.8973123	1.0009353	-0.67390081	-0.85593825	-0.86231503	0.042241773	0.095562785	0.09716798	0.039514526	0.41562798	1.7675009	1.7581369	-9.4190594	R0:N6:S0:1	e569cda	 5.80e-04	 2.19e-05	 1.00e+06	2022-03-21@18:29
1D_2_4b	4	1.5332816	-1.1006878	1.82	1	0.66542362	0.65697673	0.10544199	0.10081754	3.8973119	1.0009353	-0.67390066	-0.85594006	-0.86231553	0.042241758	0.09556331	0.097168334	0.039514552	0.41562787	1.7675008	1.7581371	-9.4188957	R0:N6:S0:1	e569cda	 5.80e-04	 0.00e+00	 7.88e-07	2022-03-21@18:29
1D_2_4b	4	1.5543108	-1.0736417	1.8	1	0.66534648	0.65588416	0.10549938	0.10080397	3.8971272	1.0010344	-0.6738732	-0.85586635	-0.86290059	0.042259979	0.095556121	0.097330465	0.039527953	0.41559396	1.7679463	1.7575826	-9.2703234	R0:N6:S0:1	e569cda	 6.20e-04	 9.79e-07	 1.00e+06	2022-03-21@18:29
1D_2_4b	4	1.5749593	-1.0462338	1.78	1	0.66520707	0.65470343	0.10555639	0.10080236	3.8969348	1.0011314	-0.67384262	-0.85583097	-0.86350327	0.042278071	0.095559836	0.097499534	0.039542673	0.41555654	1.7683779	1.7570329	-9.1202507	R0:N6:S0:1	e569cda	 6.67e-04	 4.68e-05	 1.00e+06	2022-03-21@18:29
1D_2_4b	4	1.5750517	-1.046225	1.78	1	0.66521859	0.65469864	0.10555632	0.1007987	3.8969368	1.0011323	-0.67384356	-0.85581823	-0.86349579	0.042278039	0.095556574	0.097497722	0.039541976	0.41555806	1.7683862	1.7570322	-9.1202128	R0:N6:S0:1	e569cda	 6.67e-04	 1.05e-06	 1.13e-06	2022-03-21@18:29
1D_2_4b	4	1.5750523	-1.0462254	1.78	1	0.66521676	0.65469793	0.10555624	0.10079809	3.8969372	1.0011324	-0.67384374	-0.85581577	-0.8634942	0.042278013	0.095556029	0.097497351	0.039541817	0.41555839	1.7683875	1.7570327	-9.1202122	R0:N6:S0:1	e569cda	 6.67e-04	 0.00e+00	 2.02e-07	2022-03-21@18:29
1D_2_4b	4	1.5955054	-1.0184375	1.76	1	0.66503335	0.65342359	0.10561313	0.10080032	3.8967401	1.0012298	-0.67381192	-0.85578959	-0.86410305	0.042296044	0.095563401	0.097670538	0.039556447	0.41552054	1.768826	1.7564826	-8.9685605	R0:N6:S0:1	e569cda	 7.23e-04	 1.86e-05	 1.00e+06	2022-03-21@18:29
1D_2_4b	4	1.59549	-1.0184049	1.76	1	0.66502993	0.65341485	0.10561303	0.10080053	3.89674	1.0012297	-0.67381188	-0.85578999	-0.86410247	0.042296009	0.095563606	0.097670613	0.039556383	0.41552063	1.7688264	1.7564834	-8.9684245	R0:N6:S0:1	e569cda	 7.23e-04	 0.00e+00	 7.24e-07	2022-03-21@18:29
1D_2_4b	4	1.6156241	-0.99018062	1.74	1	0.66478636	0.65203305	0.10566961	0.10081129	3.8965359	1.0013264	-0.67377769	-0.85578901	-0.86472386	0.042313921	0.095578879	0.097849994	0.039571575	0.41548081	1.7692628	1.7559357	-8.814961	R0:N6:S0:1	e569cda	 7.88e-04	 7.66e-05	 1.00e+06	2022-03-21@18:29
1D_2_4b	4	1.6154766	-0.99014569	1.74	1	0.66476721	0.65202101	0.10566902	0.1008164	3.8965346	1.0013245	-0.67377665	-0.85580638	-0.86472705	0.04231374	0.095583452	0.097851236	0.039572163	0.41547941	1.7692508	1.7559423	-8.814813	R0:N6:S0:1	e569cda	 7.88e-04	 2.38e-05	 1.62e-06	2022-03-21@18:29
1D_2_4b	4	1.6154294	-0.99014301	1.74	1	0.66476238	0.6520197	0.10566888	0.1008184	3.896534	1.0013238	-0.67377621	-0.85581345	-0.86472903	0.042313697	0.095585236	0.09785181	0.039572459	0.41547875	1.7692459	1.7559442	-8.814802	R0:N6:S0:1	e569cda	 7.88e-04	 6.03e-07	 4.80e-07	2022-03-21@18:29
1D_2_4b	4	1.634869	-0.96143957	1.72	1	0.66441741	0.65051243	0.10572385	0.10085288	3.8963186	1.0014142	-0.67373642	-0.85589068	-0.86537585	0.042331093	0.095621986	0.098041536	0.039590272	0.41543228	1.7696437	1.7554151	-8.6593471	R0:N6:S0:1	e569cda	 8.64e-04	 1.91e-05	 1.00e+06	2022-03-21@18:29
1D_2_4b	4	1.634873	-0.96140362	1.72	1	0.66441528	0.65050025	0.10572354	0.10085184	3.8963196	1.0014143	-0.67373679	-0.85588645	-0.86537099	0.042330989	0.095621069	0.098040631	0.039589876	0.41543307	1.7696466	1.7554172	-8.6591943	R0:N6:S0:1	e569cda	 8.64e-04	 0.00e+00	 1.04e-06	2022-03-21@18:29
1D_2_4b	4	1.6538222	-0.93218691	1.7	1	0.66398534	0.64885657	0.10577705	0.10090007	3.8960968	1.0015016	-0.67369375	-0.85600555	-0.86602784	0.042347896	0.095670435	0.09823707	0.039608454	0.41538394	1.7700315	1.7549016	-8.5015991	R0:N6:S0:1	e569cda	 9.53e-04	 1.63e-05	 1.00e+06	2022-03-21@18:29
1D_2_4b	4	1.653837	-0.93216017	1.7	1	0.66398726	0.64884552	0.10577666	0.1008992	3.896098	1.0015014	-0.67369413	-0.85600239	-0.8660221	0.042347767	0.095669671	0.098235919	0.039608089	0.41538469	1.7700331	1.7549045	-8.5014855	R0:N6:S0:1	e569cda	 9.53e-04	 4.48e-07	 1.03e-06	2022-03-21@18:29
1D_2_4b	4	1.6723219	-0.90241367	1.68	1	0.66347848	0.64705333	0.10582805	0.10096054	3.8958696	1.0015849	-0.6736483	-0.85616115	-0.86668047	0.042363973	0.095731098	0.0984374	0.039626989	0.41533382	1.7704056	1.7544076	-8.341678	R0:N6:S0:1	e569cda	 1.06e-03	 1.31e-05	 1.00e+06	2022-03-21@18:29
1D_2_4b	4	1.672329	-0.90239135	1.68	1	0.66347498	0.64704229	0.10582754	0.10095865	3.8958715	1.0015849	-0.67364896	-0.85615361	-0.86667228	0.042363802	0.095729407	0.098435658	0.039626351	0.41533513	1.7704096	1.7544114	-8.3415777	R0:N6:S0:1	e569cda	 1.06e-03	 3.18e-07	 1.05e-06	2022-03-21@18:29
1D_2_4b	4	1.6903484	-0.87209651	1.66	1	0.66287913	0.6450909	0.10587627	0.1010307	3.8956394	1.0016649	-0.67360112	-0.85634189	-0.86732317	0.042379123	0.095800778	0.098640391	0.039644763	0.41528417	1.7707759	1.7539371	-8.1794695	R0:N6:S0:1	e569cda	 1.18e-03	 3.44e-05	 1.00e+06	2022-03-21@18:29
1D_2_4b	4	1.6903386	-0.87203207	1.66	1	0.66287512	0.6450693	0.10587571	0.10103001	3.8956407	1.0016646	-0.67360149	-0.85633871	-0.86731625	0.042378936	0.095800187	0.098639229	0.039644273	0.41528511	1.7707782	1.7539413	-8.1791973	R0:N6:S0:1	e569cda	 1.18e-03	 3.91e-07	 1.93e-06	2022-03-21@18:29
1D_2_4b	4	1.7078648	-0.84108246	1.64	1	0.66218697	0.64292566	0.10592112	0.1011134	3.8954055	1.0017406	-0.67355168	-0.85655767	-0.86795367	0.042393151	0.095882143	0.098846744	0.039661802	0.41523473	1.7711396	1.7534947	-8.0143437	R0:N6:S0:1	e569cda	 1.33e-03	 1.48e-04	 1.00e+06	2022-03-21@18:29
1D_2_4b	4	1.7075822	-0.8410063	1.64	1	0.6621479	0.64289768	0.10591976	0.10112251	3.8954037	1.0017369	-0.67354994	-0.85658785	-0.86795633	0.042392722	0.095890297	0.09884848	0.039662636	0.41523264	1.7711185	1.7535092	-8.0140178	R0:N6:S0:1	e569cda	 1.33e-03	 1.79e-06	 3.27e-06	2022-03-21@18:29
1D_2_4b	4	1.707581	-0.84100702	1.64	1	0.66215112	0.642897	0.10591969	0.10112338	3.8954036	1.0017365	-0.67354977	-0.85659143	-0.86795663	0.042392699	0.095891078	0.098848578	0.039662787	0.41523233	1.7711159	1.75351	-8.0140229	R0:N6:S0:1	e569cda	 1.33e-03	 0.00e+00	 3.56e-07	2022-03-21@18:29
1D_2_4b	4	1.7240572	-0.80931615	1.62	1	0.66130354	0.64052676	0.10595964	0.10123949	3.8951592	1.0018006	-0.67349353	-0.85691388	-0.86859634	0.042405149	0.09600276	0.099064635	0.039682033	0.41517645	1.7714233	1.7531162	-7.846056	R0:N6:S0:1	e569cda	 1.51e-03	 2.33e-05	 1.00e+06	2022-03-21@18:29
1D_2_4b	4	1.7240558	-0.80927519	1.62	1	0.66130002	0.64050499	0.10595853	0.10123766	3.8951626	1.0017999	-0.67349444	-0.85690656	-0.8685819	0.042404785	0.096001136	0.099061645	0.03968112	0.4151783	1.7714258	1.7531249	-7.8458747	R0:N6:S0:1	e569cda	 1.51e-03	 9.41e-07	 2.11e-06	2022-03-21@18:29
1D_2_4b	4	1.7397625	-0.77683867	1.6	1	0.66032226	0.63788739	0.10599168	0.10137297	3.8949187	1.0018542	-0.67343573	-0.8572838	-0.86918616	0.042415007	0.096130498	0.099277434	0.039698963	0.41512366	1.7717074	1.7527907	-7.6747564	R0:N6:S0:1	e569cda	 1.73e-03	 3.90e-05	 1.00e+06	2022-03-21@18:29
1D_2_4b	4	1.7397618	-0.77676729	1.6	1	0.6603152	0.63785652	0.10599041	0.10137008	3.8949226	1.0018537	-0.67343694	-0.85727208	-0.86916855	0.042414587	0.096127946	0.099273884	0.039697717	0.41512617	1.7717132	1.7528003	-7.6744456	R0:N6:S0:1	e569cda	 1.73e-03	 9.08e-07	 2.94e-06	2022-03-21@18:29
1D_2_4b	4	1.7546989	-0.74348305	1.58	1	0.65919616	0.63495167	0.10601534	0.10152116	3.8946831	1.0018979	-0.67337711	-0.85768897	-0.86971762	0.042422113	0.096272002	0.099485882	0.039712584	0.41507589	1.7719792	1.7525362	-7.4997346	R0:N6:S0:1	e569cda	 1.99e-03	 1.05e-04	 1.00e+06	2022-03-21@18:29
1D_2_4b	4	1.7545278	-0.74337519	1.58	1	0.65916745	0.6349062	0.10601325	0.10152435	3.8946858	1.0018949	-0.67337714	-0.85769771	-0.86970238	0.042421435	0.096274892	0.099483561	0.03971196	0.41507691	1.7719707	1.7525548	-7.4992677	R0:N6:S0:1	e569cda	 1.99e-03	 1.29e-06	 4.41e-06	2022-03-21@18:29
1D_2_4b	4	1.7545276	-0.74337583	1.58	1	0.65916803	0.63490378	0.106013	0.10152427	3.8946864	1.0018946	-0.67337727	-0.85769747	-0.86969964	0.042421356	0.096274816	0.099482953	0.039711841	0.41507716	1.7719701	1.7525569	-7.4992686	R0:N6:S0:1	e569cda	 1.99e-03	 3.92e-07	 3.93e-07	2022-03-21@18:29
1D_2_4b	4	1.7683525	-0.70910082	1.56	1	0.65785923	0.63164836	0.10602645	0.10170144	3.8944527	1.0019229	-0.67331505	-0.85818615	-0.87017849	0.042425136	0.096442893	0.099690062	0.039723662	0.41503085	1.7721966	1.7523936	-7.3203461	R0:N6:S0:1	e569cda	 2.33e-03	 1.19e-04	 1.00e+06	2022-03-21@18:29
1D_2_4b	4	1.7681538	-0.70898297	1.56	1	0.65782938	0.63159578	0.10602387	0.10170595	3.894456	1.001919	-0.67331497	-0.85819961	-0.87016021	0.042424301	0.09644697	0.099687252	0.039723046	0.41503181	1.7721839	1.7524167	-7.319836	R0:N6:S0:1	e569cda	 2.33e-03	 9.78e-06	 5.23e-06	2022-03-21@18:29
1D_2_4b	4	1.7681442	-0.7089999	1.56	1	0.65783136	0.63159643	0.10602352	0.10170677	3.8944567	1.0019183	-0.67331494	-0.85820292	-0.87015773	0.042424192	0.09644769	0.099686655	0.039723085	0.41503174	1.7721801	1.7524201	-7.3199052	R0:N6:S0:1	e569cda	 2.33e-03	 5.89e-07	 8.33e-07	2022-03-21@18:29
1D_2_4b	4	1.7806118	-0.67364038	1.54	1	0.65630505	0.62793141	0.10602162	0.10191833	3.8942334	1.0019242	-0.67324991	-0.85878955	-0.87054026	0.042422981	0.096647293	0.099885022	0.03973127	0.41499023	1.7723439	1.752393	-7.1363566	R0:N6:S0:1	e569cda	 2.75e-03	 1.83e-04	 1.00e+06	2022-03-21@18:29
1D_2_4b	4	1.7802943	-0.67348346	1.54	1	0.65625752	0.62785541	0.10601751	0.10192556	3.8942387	1.0019179	-0.67324979	-0.85881111	-0.87051133	0.042421653	0.096653809	0.099880439	0.03973033	0.4149917	1.7723228	1.7524302	-7.1356709	R0:N6:S0:1	e569cda	 2.75e-03	 1.18e-05	 7.79e-06	2022-03-21@18:29
1D_2_4b	4	1.7802913	-0.67350668	1.54	1	0.65626039	0.62785499	0.10601692	0.10192585	3.8942403	1.0019169	-0.67325001	-0.85881256	-0.87050544	0.042421465	0.09665405	0.099879019	0.039730178	0.41499204	1.7723191	1.7524354	-7.1357638	R0:N6:S0:1	e569cda	 2.75e-03	 7.86e-06	 1.33e-06	2022-03-21@18:29
1D_2_4b	4	1.7802891	-0.67352208	1.54	1	0.65626116	0.62785714	0.10601676	0.101926	3.8942408	1.0019166	-0.67325006	-0.85881322	-0.87050396	0.042421415	0.096654164	0.09987861	0.039730162	0.41499209	1.7723176	1.7524369	-7.1358265	R0:N6:S0:1	e569cda	 2.75e-03	 3.82e-06	 6.22e-07	2022-03-21@18:29
1D_2_4b	4	1.7802875	-0.67352935	1.54	1	0.65626234	0.62785844	0.10601672	0.10192636	3.8942408	1.0019164	-0.67325	-0.85881471	-0.87050396	0.042421401	0.096654482	0.099878582	0.039730227	0.41499197	1.7723163	1.7524375	-7.1358571	R0:N6:S0:1	e569cda	 2.75e-03	 2.80e-07	 2.95e-07	2022-03-21@18:29
1D_2_4b	4	1.7909576	-0.6369641	1.52	1	0.65445995	0.6236912	0.1059926	0.10218442	3.8940373	1.0018892	-0.67318207	-0.85953551	-0.87074073	0.042412989	0.096896512	0.10006009	0.03973331	0.41495766	1.7723803	1.7526095	-6.9471252	R0:N6:S0:1	e569cda	 3.30e-03	 1.64e-04	 1.00e+06	2022-03-21@18:29
1D_2_4b	4	1.7906939	-0.63679611	1.52	1	0.65442693	0.62359762	0.10598717	0.1021903	3.8940469	1.0018814	-0.6731829	-0.85955338	-0.87069438	0.042411228	0.096901834	0.10005166	0.039731585	0.41496081	1.7723575	1.7526572	-6.9463881	R0:N6:S0:1	e569cda	 3.30e-03	 2.53e-05	 9.92e-06	2022-03-21@18:29
1D_2_4b	4	1.7906827	-0.63684529	1.52	1	0.65443015	0.62360065	0.10598629	0.10219086	3.8940493	1.0018799	-0.67318321	-0.85955596	-0.87068581	0.042410946	0.096902294	0.10004951	0.039731395	0.41496126	1.7723512	1.7526653	-6.9465862	R0:N6:S0:1	e569cda	 3.30e-03	 1.23e-05	 2.53e-06	2022-03-21@18:29
1D_2_4b	4	1.7906782	-0.63686929	1.52	1	0.65443056	0.62360374	0.10598601	0.10219091	3.8940502	1.0018795	-0.67318334	-0.85955627	-0.87068299	0.042410858	0.096902319	0.10004874	0.03973132	0.41496143	1.7723493	1.752668	-6.9466832	R0:N6:S0:1	e569cda	 3.30e-03	 5.65e-06	 1.07e-06	2022-03-21@18:29
1D_2_4b	4	1.7906743	-0.63687977	1.52	1	0.65443071	0.62360539	0.10598591	0.1021911	3.8940504	1.0018792	-0.67318335	-0.85955702	-0.87068229	0.042410828	0.096902478	0.10004854	0.03973133	0.41496142	1.7723481	1.7526689	-6.9467259	R0:N6:S0:1	e569cda	 3.30e-03	 2.52e-07	 4.48e-07	2022-03-21@18:29
1D_2_4b	4	1.7993044	-0.59905143	1.5	1	0.65233735	0.61883611	0.10593077	0.10250315	3.8938846	1.0018061	-0.6731146	-0.86043474	-0.87069224	0.042392361	0.097193694	0.10019751	0.039726374	0.41494004	1.7722754	1.753118	-6.7525138	R0:N6:S0:1	e569cda	 4.03e-03	 4.82e-04	 1.00e+06	2022-03-21@18:29
1D_2_4b	4	1.7983644	-0.59890354	1.5	1	0.6522533	0.61870763	0.10592044	0.1025414	3.8938912	1.0017837	-0.67310965	-0.8605671	-0.87064888	0.042389071	0.097227918	0.10019223	0.039728279	0.41493495	1.7721645	1.7532188	-6.7518501	R0:N6:S0:1	e569cda	 4.03e-03	 6.81e-05	 1.66e-05	2022-03-21@18:29
1D_2_4b	4	1.7983456	-0.59903621	1.5	1	0.65227045	0.61872476	0.10591896	0.10254533	3.8938947	1.00178	-0.67310951	-0.86058396	-0.87063829	0.042388604	0.097231338	0.10018926	0.039728664	0.41493429	1.7721439	1.7532336	-6.7523983	R0:N6:S0:1	e569cda	 4.03e-03	 2.87e-05	 6.65e-06	2022-03-21@18:29
1D_2_4b	4	1.7983394	-0.59909246	1.5	1	0.65227321	0.61873375	0.10591848	0.10254579	3.8938961	1.001779	-0.67310966	-0.86058615	-0.87063393	0.042388454	0.097231702	0.10018796	0.039728643	0.41493439	1.7721389	1.7532383	-6.7526282	R0:N6:S0:1	e569cda	 4.03e-03	 1.16e-05	 2.61e-06	2022-03-21@18:29
1D_2_4b	4	1.798335	-0.59911486	1.5	1	0.65227406	0.61873764	0.10591832	0.10254608	3.8938966	1.0017787	-0.67310968	-0.86058739	-0.87063267	0.042388403	0.097231943	0.10018756	0.039728665	0.41493437	1.7721367	1.7532399	-6.75272	R0:N6:S0:1	e569cda	 4.03e-03	 4.10e-06	 1.02e-06	2022-03-21@18:29
1D_2_4b	4	1.7983319	-0.59912232	1.5	1	0.65227342	0.61873878	0.10591824	0.10254603	3.8938968	1.0017786	-0.67310973	-0.86058716	-0.87063189	0.042388379	0.097231891	0.10018734	0.039728631	0.41493444	1.7721364	1.7532407	-6.7527498	R0:N6:S0:1	e569cda	 4.03e-03	 2.26e-07	 3.54e-07	2022-03-21@18:29
1D_2_4b	4	1.80326	-0.5602573	1.48	1	0.64979056	0.61325851	0.10581329	0.10299499	3.893778	1.0016135	-0.67302838	-0.86191359	-0.87035391	0.042353916	0.097646262	0.10029697	0.03972223	0.41491062	1.7716799	1.7541579	-6.5539325	R0:N6:S0:1	e569cda	 5.02e-03	 7.67e-04	 1.00e+06	2022-03-21@18:29
1D_2_4b	4	1.8017353	-0.56031422	1.48	1	0.64971736	0.61311662	0.10579602	0.10307351	3.8937862	1.0015702	-0.67301694	-0.86219575	-0.87029956	0.042348451	0.097716351	0.10029098	0.039728918	0.41489517	1.7714443	1.7543322	-6.5541246	R0:N6:S0:1	e569cda	 5.01e-03	 1.85e-04	 3.06e-05	2022-03-21@18:29
1D_2_4b	4	1.80151	-0.56060463	1.48	1	0.6497315	0.61316014	0.10579303	0.10309019	3.8937888	1.0015605	-0.67301448	-0.86225992	-0.8702938	0.042347527	0.09773104	0.10028894	0.039731253	0.41489041	1.771383	1.7543653	-6.5553287	R0:N6:S0:1	e569cda	 5.00e-03	 6.61e-05	 1.55e-05	2022-03-21@18:29
1D_2_4b	4	1.8015035	-0.56073386	1.48	1	0.64974079	0.61318514	0.10579237	0.10309192	3.8937909	1.0015586	-0.67301447	-0.86226778	-0.87028922	0.042347325	0.097732481	0.10028716	0.039731545	0.41488994	1.771371	1.7543725	-6.5558623	R0:N6:S0:1	e569cda	 5.00e-03	 2.33e-05	 6.32e-06	2022-03-21@18:29
1D_2_4b	4	1.8015014	-0.56077947	1.48	1	0.64974277	0.61319408	0.10579215	0.10309216	3.8937917	1.0015581	-0.67301456	-0.86226906	-0.87028721	0.042347255	0.09773266	0.10028643	0.039731575	0.41488993	1.7713677	1.7543749	-6.5560496	R0:N6:S0:1	e569cda	 5.00e-03	 8.23e-06	 2.22e-06	2022-03-21@18:29
1D_2_4b	4	1.8015007	-0.56079559	1.48	1	0.64974352	0.61319727	0.10579207	0.10309226	3.893792	1.0015579	-0.67301458	-0.86226957	-0.87028656	0.042347231	0.097732736	0.10028619	0.039731591	0.41488992	1.7713665	1.7543757	-6.5561159	R0:N6:S0:1	e569cda	 5.00e-03	 3.66e-07	 7.81e-07	2022-03-21@18:29
1D_2_4b	4	1.8001812	-0.52190048	1.46	1	0.64684054	0.60697975	0.10560662	0.1038385	3.8937318	1.0012149	-0.67289614	-0.86462357	-0.86965072	0.042287119	0.098412765	0.10034892	0.039740761	0.41482624	1.7700301	1.756085	-6.356833	R0:N6:S0:1	e569cda	 6.32e-03	 1.43e-03	 1.00e+06	2022-03-21@18:29
1D_2_4b	4	1.7973837	-0.52253059	1.46	1	0.64678892	0.60689026	0.10557911	0.10401072	3.8937286	1.0011304	-0.67286698	-0.86525185	-0.86963425	0.042278509	0.098566137	0.10035444	0.039761266	0.41478118	1.7695209	1.7563806	-6.3594548	R0:N6:S0:1	e569cda	 6.29e-03	 3.25e-04	 6.73e-05	2022-03-21@18:29
1D_2_4b	4	1.7972228	-0.52314614	1.46	1	0.64684632	0.60700926	0.10557585	0.1040327	3.893733	1.0011172	-0.6728637	-0.86534128	-0.86963158	0.042277525	0.098585313	0.10035095	0.039765264	0.41477339	1.7694294	1.7564197	-6.3620214	R0:N6:S0:1	e569cda	 6.28e-03	 1.15e-04	 3.37e-05	2022-03-21@18:29
1D_2_4b	4	1.7972183	-0.52337059	1.46	1	0.64685955	0.60705873	0.10557529	0.10403498	3.8937353	1.0011148	-0.67286359	-0.86535202	-0.86962899	0.042277361	0.098587167	0.10034894	0.039765891	0.41477234	1.769412	1.7564271	-6.3629503	R0:N6:S0:1	e569cda	 6.28e-03	 3.96e-05	 1.17e-05	2022-03-21@18:29
1D_2_4b	4	1.7972383	-0.52344498	1.46	1	0.64686435	0.60707608	0.10557522	0.10403429	3.8937365	1.0011146	-0.67286385	-0.86535033	-0.86962712	0.042277344	0.098586488	0.10034794	0.039765887	0.41477246	1.7694099	1.756428	-6.3632571	R0:N6:S0:1	e569cda	 6.28e-03	 9.59e-06	 3.83e-06	2022-03-21@18:29
1D_2_4b	4	1.7972427	-0.52346325	1.46	1	0.64686419	0.60707985	0.10557515	0.10403372	3.893737	1.0011146	-0.67286404	-0.86534831	-0.86962557	0.042277322	0.098585963	0.10034743	0.039765781	0.4147727	1.7694103	1.7564286	-6.363331	R0:N6:S0:1	e569cda	 6.28e-03	 5.02e-06	 9.75e-07	2022-03-21@18:29
1D_2_4b	4	1.797248	-0.52347146	1.46	1	0.6468654	0.607082	0.10557517	0.10403363	3.8937371	1.0011146	-0.67286406	-0.86534814	-0.86962559	0.042277329	0.098585876	0.10034737	0.039765794	0.41477269	1.7694101	1.7564285	-6.3633653	R0:N6:S0:1	e569cda	 6.28e-03	 0.00e+00	 4.12e-07	2022-03-21@18:29
1D_2_4b	4	1.7855734	-0.48714878	1.44	1	0.64363931	0.6003943	0.10526681	0.10539498	3.8937199	1.0004425	-0.67265257	-0.86988049	-0.868678	0.042178401	0.099812693	0.10038234	0.039834303	0.41457525	1.7662294	1.759417	-6.1745142	R0:N6:S0:1	e569cda	 7.92e-03	 1.67e-03	 1.00e+06	2022-03-21@18:29
1D_2_4b	4	1.7825531	-0.48854696	1.44	1	0.64372214	0.60049763	0.10523971	0.10562508	3.893698	1.0003384	-0.67261003	-0.87073052	-0.86874828	0.042170048	0.10001699	0.10040517	0.039867606	0.41450392	1.7655474	1.7597308	-6.1804389	R0:N6:S0:1	e569cda	 7.87e-03	 4.08e-04	 1.09e-04	2022-03-21@18:29
1D_2_4b	4	1.782523	-0.48933685	1.44	1	0.64379864	0.6006833	0.10523898	0.10564416	3.8936991	1.0003284	-0.67260648	-0.87081188	-0.86876719	0.042169891	0.10003338	0.10040461	0.039872628	0.41449434	1.765461	1.7597485	-6.1837456	R0:N6:S0:1	e569cda	 7.86e-03	 1.33e-04	 4.49e-05	2022-03-21@18:29
1D_2_4b	4	1.7826435	-0.48956524	1.44	1	0.64381783	0.60074399	0.1052396	0.10563928	3.8937019	1.0003294	-0.6726076	-0.87079741	-0.86876547	0.042170099	0.10002883	0.10040209	0.039872518	0.41449498	1.7654628	1.7597434	-6.1846916	R0:N6:S0:1	e569cda	 7.85e-03	 7.41e-05	 1.26e-05	2022-03-21@18:29
1D_2_4b	4	1.7827802	-0.48961853	1.44	1	0.64383175	0.600759	0.10523999	0.10563228	3.8937049	1.0003314	-0.67260921	-0.87077388	-0.8687577	0.042170219	0.10002254	0.10039938	0.039871584	0.41449715	1.7654765	1.7597381	-6.1849098	R0:N6:S0:1	e569cda	 7.85e-03	 5.04e-06	 3.04e-06	2022-03-21@18:29
1D_2_4b	4	1.7827813	-0.48962798	1.44	1	0.64382949	0.60076143	0.10523999	0.1056315	3.8937052	1.0003316	-0.6726094	-0.87077085	-0.86875673	0.042170219	0.10002184	0.10039906	0.039871445	0.41449746	1.7654781	1.759738	-6.1849466	R0:N6:S0:1	e569cda	 7.85e-03	 0.00e+00	 5.83e-07	2022-03-21@18:29
1D_2_4b	4	1.7581007	-0.45926563	1.42	1	0.64063575	0.59423501	0.10478551	0.10794287	3.8936705	0.9991933	-0.6722376	-0.87866544	-0.86775497	0.042025494	0.10208826	0.10046523	0.040056851	0.41404449	1.7594639	1.7643383	-6.0209096	R0:N6:S0:1	e569cda	 9.66e-03	 8.90e-04	 1.00e+06	2022-03-21@18:29
1D_2_4b	4	1.7570431	-0.46064844	1.42	1	0.64079424	0.59457041	0.10478413	0.10806893	3.893631	0.99915005	-0.67220887	-0.87914043	-0.86793112	0.042025323	0.10219946	0.10050217	0.040082725	0.41399077	1.7590985	1.7643971	-6.0268384	R0:N6:S0:1	e569cda	 9.63e-03	 1.88e-04	 8.76e-05	2022-03-21@18:29
1D_2_4b	4	1.7570349	-0.46100561	1.42	1	0.64082313	0.59468131	0.10478643	0.10807871	3.893624	0.99914866	-0.67220576	-0.87918044	-0.86797038	0.042026107	0.10220788	0.1005086	0.040086343	0.41398363	1.7590656	1.7643828	-6.0283516	R0:N6:S0:1	e569cda	 9.63e-03	 8.68e-05	 2.08e-05	2022-03-21@18:29
1D_2_4b	4	1.7571956	-0.46106459	1.42	1	0.64084168	0.59470295	0.10478739	0.1080713	3.8936258	0.99915144	-0.67220722	-0.87915649	-0.86796761	0.042026412	0.10220124	0.10050682	0.040085641	0.41398536	1.7590811	1.7643724	-6.028599	R0:N6:S0:1	e569cda	 9.63e-03	 1.11e-06	 3.54e-06	2022-03-21@18:29
1D_2_4b	4	1.7571961	-0.46106479	1.42	1	0.64083964	0.59470366	0.10478745	0.10807074	3.8936259	0.99915169	-0.67220733	-0.87915423	-0.86796753	0.04202643	0.10220074	0.10050676	0.04008555	0.41398556	1.7590828	1.7643718	-6.0285986	R0:N6:S0:1	e569cda	 9.63e-03	 0.00e+00	 2.36e-07	2022-03-21@18:29
1D_2_4b	4	1.7204924	-0.43778187	1.4	1	0.63789585	0.5889087	0.10421637	0.11144941	3.8934557	0.99754744	-0.67163514	-0.89070837	-0.86739834	0.041845497	0.10520282	0.10071067	0.040423373	0.4132014	1.7500278	1.7703791	-5.8944062	R0:N6:S0:1	e569cda	 1.15e-02	 1.23e-03	 1.00e+06	2022-03-21@18:29
1D_2_4b	4	1.7228969	-0.43808842	1.4	1	0.63807817	0.58924741	0.1042459	0.11132505	3.8934433	0.99761584	-0.67165257	-0.89029764	-0.8675057	0.041854946	0.10509249	0.10071961	0.040415597	0.41322132	1.750372	1.7700835	-5.8957881	R0:N6:S0:1	e569cda	 1.15e-02	 1.56e-04	 4.97e-05	2022-03-21@18:29
1D_2_4b	4	1.7229035	-0.43778489	1.4	1	0.63806172	0.58917525	0.10424613	0.11132179	3.8934412	0.9976185	-0.671653	-0.89028256	-0.86750311	0.041854997	0.1050899	0.1007213	0.040414411	0.41322344	1.750396	1.770078	-5.8945284	R0:N6:S0:1	e569cda	 1.15e-02	 9.60e-05	 1.99e-05	2022-03-21@18:29
1D_2_4b	4	1.7227288	-0.43771094	1.4	1	0.63804664	0.58914987	0.10424515	0.11133208	3.893438	0.99761497	-0.67165084	-0.89031628	-0.86750988	0.041854689	0.1050991	0.10072434	0.040415596	0.41322063	1.7503747	1.7700892	-5.8942244	R0:N6:S0:1	e569cda	 1.15e-02	 4.44e-06	 4.73e-06	2022-03-21@18:29
1D_2_4b	4	1.7227251	-0.43770434	1.4	1	0.63805032	0.58914704	0.10424505	0.11133343	3.8934377	0.99761444	-0.67165056	-0.89032141	-0.86751046	0.041854655	0.10510031	0.1007246	0.040415804	0.41322018	1.7503713	1.7700904	-5.8941999	R0:N6:S0:1	e569cda	 1.15e-02	 0.00e+00	 5.95e-07	2022-03-21@18:29
1D_2_4b	4	1.6793684	-0.41954662	1.38	1	0.63546153	0.58409155	0.1036113	0.1155325	3.8930919	0.99568779	-0.67091296	-0.90449982	-0.86754969	0.041654341	0.10881109	0.10109764	0.040879839	0.41216049	1.7391139	1.7769487	-5.781849	R0:N6:S0:1	e569cda	 1.33e-02	 1.53e-03	 1.00e+06	2022-03-21@18:29
1D_2_4b	4	1.6823824	-0.41908005	1.38	1	0.6355324	0.58428557	0.10364593	0.11531883	3.8930984	0.99579141	-0.67094889	-0.90377724	-0.86757804	0.041665303	0.10862311	0.10108862	0.04085623	0.41221389	1.7397172	1.7765765	-5.7799171	R0:N6:S0:1	e569cda	 1.34e-02	 3.55e-04	 8.34e-05	2022-03-21@18:29
1D_2_4b	4	1.6819011	-0.41858547	1.38	1	0.63546712	0.58413092	0.10364186	0.11534215	3.893092	0.99578294	-0.67094454	-0.90384554	-0.86757463	0.041663977	0.10864422	0.10109461	0.040857143	0.41221063	1.7396837	1.776616	-5.777854	R0:N6:S0:1	e569cda	 1.34e-02	 1.64e-04	 3.24e-05	2022-03-21@18:29
1D_2_4b	4	1.6815816	-0.41852273	1.38	1	0.63544557	0.58410289	0.1036401	0.11536383	3.8930852	0.99577546	-0.67093995	-0.90391629	-0.86759183	0.041663431	0.10866343	0.10110093	0.040859963	0.41220417	1.7396356	1.7766378	-5.7776028	R0:N6:S0:1	e569cda	 1.34e-02	 4.99e-06	 5.07e-06	2022-03-21@18:29
1D_2_4b	4	1.6815788	-0.41852921	1.38	1	0.6354524	0.58410452	0.10364012	0.11536622	3.8930843	0.99577473	-0.67093938	-0.90392533	-0.86759526	0.041663442	0.10866554	0.10110176	0.040860461	0.41220313	1.7396294	1.7766381	-5.777636	R0:N6:S0:1	e569cda	 1.34e-02	 0.00e+00	 7.78e-07	2022-03-21@18:29
1D_2_4b	4	1.6337569	-0.40353942	1.36	1	0.63304588	0.5795761	0.10297063	0.12028517	3.8925157	0.99359955	-0.67004693	-0.92018435	-0.86839055	0.041452091	0.11298775	0.1016846	0.041436975	0.41089394	1.7266273	1.7840723	-5.6790038	R0:N6:S0:1	e569cda	 1.52e-02	 1.45e-03	 1.00e+06	2022-03-21@18:29
1D_2_4b	4	1.6365769	-0.40290636	1.36	1	0.63310125	0.57966366	0.10299885	0.12006277	3.8925418	0.99369773	-0.67008775	-0.91944977	-0.8683353	0.041460966	0.11279335	0.10165796	0.041408924	0.41095663	1.7272325	1.7837512	-5.6763276	R0:N6:S0:1	e569cda	 1.53e-02	 3.51e-04	 8.36e-05	2022-03-21@18:29
1D_2_4b	4	1.6360286	-0.40249796	1.36	1	0.63303361	0.57951721	0.10299336	0.12009175	3.8925368	0.99368573	-0.67008275	-0.91953427	-0.86832607	0.041459186	0.11281925	0.10166283	0.041410257	0.41095238	1.7271803	1.7838059	-5.6746144	R0:N6:S0:1	e569cda	 1.53e-02	 8.29e-05	 2.77e-05	2022-03-21@18:29
1D_2_4b	4	1.6358647	-0.40247686	1.36	1	0.63302754	0.57950323	0.10299223	0.12010495	3.8925331	0.99368095	-0.67008002	-0.9195771	-0.86833537	0.041458834	0.11283087	0.10166627	0.041412005	0.41094842	1.7271498	1.7838197	-5.6745342	R0:N6:S0:1	e569cda	 1.53e-02	 2.59e-06	 2.62e-06	2022-03-21@18:29
1D_2_4b	4	1.6358639	-0.40248056	1.36	1	0.6330309	0.57950427	0.10299225	0.12010612	3.8925327	0.99368061	-0.67007973	-0.91958147	-0.86833718	0.041458843	0.1128319	0.10166671	0.041412255	0.4109479	1.7271467	1.7838198	-5.6745527	R0:N6:S0:1	e569cda	 1.53e-02	 0.00e+00	 4.02e-07	2022-03-21@18:29
1D_2_4b	4	1.5855806	-0.38955839	1.34	1	0.63078581	0.57534631	0.10229904	0.1256618	3.8917354	0.99130138	-0.66904662	-0.93747738	-0.86989277	0.041240072	0.11768288	0.10246319	0.042086694	0.40941837	1.7127181	1.7916899	-5.5850369	R0:N6:S0:1	e569cda	 1.71e-02	 9.66e-04	 1.00e+06	2022-03-21@18:29
1D_2_4b	4	1.5874071	-0.38893108	1.34	1	0.63077651	0.57534925	0.10231738	0.12549342	3.8917604	0.99137311	-0.66907864	-0.93692951	-0.8698218	0.041245812	0.11753682	0.10243847	0.042063667	0.40946927	1.7131763	1.791473	-5.58236	R0:N6:S0:1	e569cda	 1.71e-02	 2.76e-04	 7.01e-05	2022-03-21@18:29
1D_2_4b	4	1.5869509	-0.3886471	1.34	1	0.63072745	0.57523565	0.10231227	0.12552113	3.8917564	0.99136123	-0.66907394	-0.93700991	-0.86981344	0.041244157	0.11756136	0.10244243	0.042065236	0.40946473	1.7131217	1.7915249	-5.5811674	R0:N6:S0:1	e569cda	 1.71e-02	 5.04e-06	 2.00e-05	2022-03-21@18:29
1D_2_4b	4	1.5869491	-0.38864793	1.34	1	0.63073636	0.57523137	0.10231187	0.12552368	3.8917566	0.99135987	-0.66907353	-0.93701942	-0.86981216	0.041244029	0.1175636	0.10244229	0.042065583	0.40946399	1.7131137	1.7915288	-5.5811754	R0:N6:S0:1	e569cda	 1.71e-02	 3.19e-06	 1.29e-06	2022-03-21@18:29
1D_2_4b	4	1.5869456	-0.38865298	1.34	1	0.63073581	0.57523298	0.1023119	0.12552388	3.8917564	0.99135984	-0.66907347	-0.93702001	-0.86981285	0.041244038	0.11756377	0.10244241	0.042065636	0.40946388	1.7131132	1.7915287	-5.5811964	R0:N6:S0:1	e569cda	 1.71e-02	 0.00e+00	 3.66e-07	2022-03-21@18:29
1D_2_4b	4	1.5348238	-0.37704647	1.32	1	0.62856714	0.57129064	0.1015964	0.13172323	3.8907093	0.98878375	-0.6678968	-0.95640404	-0.87217043	0.041018163	0.1229388	0.10347171	0.042834437	0.4077185	1.6973465	1.7998175	-5.4976447	R0:N6:S0:1	e569cda	 1.89e-02	 4.29e-04	 1.00e+06	2022-03-21@18:29
1D_2_4b	4	1.5356007	-0.37668208	1.32	1	0.62853986	0.57128717	0.10160608	0.13164198	3.8907176	0.98882023	-0.66791171	-0.95614381	-0.8721477	0.041021214	0.12286898	0.10346318	0.042823435	0.40774277	1.6975757	1.7997057	-5.4960956	R0:N6:S0:1	e569cda	 1.90e-02	 1.95e-04	 4.04e-05	2022-03-21@18:29
1D_2_4b	4	1.5352478	-0.37653475	1.32	1	0.62850755	0.5712233	0.10160269	0.13166796	3.8907114	0.9888103	-0.66790677	-0.95621885	-0.87215475	0.041020126	0.1228917	0.10346906	0.042825795	0.40773687	1.6975229	1.7997429	-5.4954822	R0:N6:S0:1	e569cda	 1.90e-02	 5.35e-06	 1.11e-05	2022-03-21@18:29
1D_2_4b	4	1.5352439	-0.37654254	1.32	1	0.62851368	0.57122424	0.10160261	0.13167037	3.8907108	0.98880942	-0.66790625	-0.9562273	-0.87215708	0.041020102	0.12289378	0.10346965	0.042826244	0.40773593	1.6975163	1.7997442	-5.4955197	R0:N6:S0:1	e569cda	 1.90e-02	 0.00e+00	 9.41e-07	2022-03-21@18:29
1D_2_4b	4	1.4807587	-0.36614923	1.3	1	0.62636449	0.56747806	0.10086112	0.13866078	3.8893424	0.98599843	-0.6665517	-0.97737093	-0.87553343	0.040785987	0.12890631	0.10479752	0.043708413	0.40572994	1.6801694	1.8085243	-5.4176034	R0:N6:S0:1	e569cda	 2.07e-02	 3.67e-04	 1.00e+06	2022-03-21@18:29
1D_2_4b	4	1.4814831	-0.36604693	1.3	1	0.62638423	0.56752049	0.10086915	0.13859101	3.8893542	0.98602739	-0.66656489	-0.97716327	-0.87550704	0.040788537	0.12884658	0.10478588	0.043699917	0.40574938	1.6803444	1.808431	-5.4171615	R0:N6:S0:1	e569cda	 2.07e-02	 1.05e-04	 2.05e-05	2022-03-21@18:29
1D_2_4b	4	1.4812927	-0.36596681	1.3	1	0.62636206	0.56748458	0.10086717	0.13860451	3.8893513	0.98602211	-0.66656243	-0.97719971	-0.87550878	0.040787895	0.12885829	0.10478875	0.04370093	0.40574668	1.6803181	1.8084526	-5.4168232	R0:N6:S0:1	e569cda	 2.07e-02	 2.61e-06	 6.13e-06	2022-03-21@18:29
1D_2_4b	4	1.4812924	-0.36597098	1.3	1	0.62636516	0.56748506	0.10086712	0.13860556	3.889351	0.9860217	-0.6665622	-0.97720339	-0.87550966	0.040787882	0.1288592	0.10478895	0.043701128	0.40574627	1.6803151	1.8084533	-5.4168429	R0:N6:S0:1	e569cda	 2.07e-02	 0.00e+00	 4.92e-07	2022-03-21@18:29
1D_2_4b	4	1.4250913	-0.35693829	1.28	1	0.62429025	0.56401544	0.1001016	0.1464543	3.8876182	0.98296377	-0.66501286	-1.0001128	-0.88004608	0.040546146	0.13554855	0.10645441	0.044704857	0.40345988	1.6613207	1.8177174	-5.3452495	R0:N6:S0:1	e569cda	 2.23e-02	 6.23e-04	 1.00e+06	2022-03-21@18:29
1D_2_4b	4	1.4263061	-0.35666329	1.28	1	0.62432337	0.56401895	0.10011148	0.14631959	3.8876561	0.98301213	-0.66504098	-0.9997263	-0.87993023	0.040549216	0.13543446	0.10641846	0.044686152	0.40350199	1.6616385	1.8175865	-5.3440387	R0:N6:S0:1	e569cda	 2.23e-02	 9.92e-05	 3.55e-05	2022-03-21@18:29
1D_2_4b	4	1.4261503	-0.35655655	1.28	1	0.62429658	0.56396475	0.10010848	0.14632622	3.8876588	0.98300747	-0.6650407	-0.99974032	-0.87990939	0.040548225	0.13544027	0.10641623	0.044685419	0.40350293	1.6616257	1.8176151	-5.3435721	R0:N6:S0:1	e569cda	 2.23e-02	 3.59e-06	 8.28e-06	2022-03-21@18:29
1D_2_4b	4	1.4261502	-0.35656333	1.28	1	0.62429451	0.56396577	0.10010841	0.1463252	3.8876595	0.98300763	-0.66504099	-0.99973712	-0.87990725	0.040548202	0.13543937	0.10641561	0.044685224	0.40350335	1.6616272	1.8176156	-5.3435973	R0:N6:S0:1	e569cda	 2.23e-02	 0.00e+00	 6.56e-07	2022-03-21@18:29
1D_2_4b	4	1.3698173	-0.34831961	1.26	1	0.62230172	0.56066638	0.099322742	0.15494373	3.8855804	0.97973796	-0.66331668	-1.023956	-0.88550876	0.040299852	0.14271132	0.10840041	0.045790656	0.40097738	1.6412994	1.8272838	-5.2758549	R0:N6:S0:1	e569cda	 2.39e-02	 4.67e-04	 1.00e+06	2022-03-21@18:29
1D_2_4b	4	1.3706582	-0.34791633	1.26	1	0.62229769	0.56061057	0.099329329	0.15483255	3.8856128	0.97977732	-0.66334046	-1.0236425	-0.88539713	0.040301866	0.14261859	0.10836985	0.04577393	0.40101443	1.64157	1.8271896	-5.2741041	R0:N6:S0:1	e569cda	 2.39e-02	 1.29e-04	 4.09e-05	2022-03-21@18:29
1D_2_4b	4	1.3704272	-0.34781828	1.26	1	0.62226664	0.56055679	0.099325944	0.15484925	3.8856112	0.97976975	-0.66333792	-1.0236827	-0.88538905	0.040300757	0.14263283	0.10837158	0.045774598	0.40101215	1.6415375	1.8272251	-5.2736795	R0:N6:S0:1	e569cda	 2.39e-02	 5.18e-06	 8.12e-06	2022-03-21@18:29
1D_2_4b	4	1.3704286	-0.34782819	1.26	1	0.62226651	0.5605594	0.099325959	0.15484886	3.8856115	0.9797698	-0.66333801	-1.0236817	-0.88538868	0.040300762	0.14263248	0.10837133	0.045774574	0.40101223	1.6415375	1.8272249	-5.27372	R0:N6:S0:1	e569cda	 2.39e-02	 6.31e-07	 8.25e-07	2022-03-21@18:29
1D_2_4b	4	1.3141293	-0.33976728	1.24	1	0.62027856	0.5572672	0.098516248	0.16428615	3.8831498	0.97628201	-0.66142864	-1.0491376	-0.89210641	0.040044404	0.15050842	0.11070763	0.046979397	0.39824691	1.6199254	1.8373258	-5.2072799	R0:N6:S0:1	e569cda	 2.53e-02	 7.15e-05	 1.00e+06	2022-03-21@18:29
1D_2_4b	4	1.3141372	-0.3396304	1.24	1	0.62026975	0.55722732	0.098515784	0.16428202	3.8831509	0.97628355	-0.6614298	-1.0491235	-0.89209406	0.040044234	0.15050537	0.11070663	0.046977949	0.39824973	1.6199445	1.8373278	-5.2067023	R0:N6:S0:1	e569cda	 2.53e-02	 8.57e-06	 1.13e-05	2022-03-21@18:29
1D_2_4b	4	1.3141372	-0.33961641	1.24	1	0.62027344	0.55721814	0.098515287	0.16428252	3.883152	0.97628273	-0.66142993	-1.0491255	-0.89208842	0.040044068	0.15050584	0.11070559	0.046977817	0.39824996	1.6199422	1.837332	-5.2066436	R0:N6:S0:1	e569cda	 2.53e-02	 1.16e-06	 1.35e-06	2022-03-21@18:29
1D_2_4b	4	1.3141376	-0.33961813	1.24	1	0.62027201	0.55721863	0.098515291	0.16428182	3.8831523	0.97628292	-0.6614301	-1.0491234	-0.89208751	0.040044068	0.15050525	0.11070531	0.046977699	0.39825022	1.6199436	1.8373319	-5.2066492	R0:N6:S0:1	e569cda	 2.53e-02	 0.00e+00	 2.14e-07	2022-03-21@18:29
1D_2_4b	4	1.2572754	-0.33193143	1.22	1	0.61831362	0.5539422	0.097672273	0.17475417	3.8802122	0.97251682	-0.65928818	-1.0761759	-0.90018182	0.039776746	0.1591384	0.11347988	0.04830601	0.39518787	1.5967171	1.847984	-5.1424524	R0:N6:S0:1	e569cda	 2.67e-02	 1.74e-04	 1.00e+06	2022-03-21@18:29
1D_2_4b	4	1.257056	-0.33219317	1.22	1	0.61833574	0.55400717	0.097671323	0.17479825	3.880197	0.97250237	-0.65927797	-1.0762955	-0.90024433	0.039776502	0.15917385	0.11349396	0.048313791	0.39517111	1.5966058	1.8480058	-5.1435887	R0:N6:S0:1	e569cda	 2.67e-02	 4.70e-05	 2.36e-05	2022-03-21@18:29
1D_2_4b	4	1.25714	-0.33222697	1.22	1	0.61834667	0.55403021	0.097672921	0.17479126	3.8801971	0.97250582	-0.65927889	-1.07628	-0.90025017	0.039777031	0.15916802	0.11349373	0.048313614	0.39517189	1.5966196	1.8479892	-5.1437376	R0:N6:S0:1	e569cda	 2.67e-02	 2.50e-06	 3.23e-06	2022-03-21@18:29
1D_2_4b	4	1.2571389	-0.33222277	1.22	1	0.61834843	0.55402852	0.097672863	0.17479219	3.8801968	0.97250551	-0.65927869	-1.0762827	-0.90025075	0.039777013	0.1591688	0.113494	0.048313738	0.39517161	1.5966178	1.8479898	-5.1437219	R0:N6:S0:1	e569cda	 2.67e-02	 0.00e+00	 4.02e-07	2022-03-21@18:29
1D_2_4b	4	1.1994331	-0.32564267	1.2	1	0.6164949	0.5509895	0.096793478	0.18653872	3.876659	0.96840115	-0.65684836	-1.1052828	-0.91009354	0.039497863	0.16871709	0.1168134	0.049795849	0.39174205	1.5714148	1.8592505	-5.0850297	R0:N6:S0:1	e569cda	 2.79e-02	 2.17e-04	 1.00e+06	2022-03-21@18:29
1D_2_4b	4	1.1998161	-0.32582777	1.2	1	0.61653174	0.55106681	0.096797736	0.18648517	3.8766805	0.96841719	-0.65685942	-1.1051632	-0.91004995	0.03949924	0.16867292	0.11679344	0.049790753	0.39175486	1.5714985	1.8591978	-5.0857869	R0:N6:S0:1	e569cda	 2.79e-02	 3.86e-05	 1.57e-05	2022-03-21@18:29
1D_2_4b	4	1.1998932	-0.32582381	1.2	1	0.61653029	0.55106718	0.096798191	0.18646973	3.8766873	0.96842149	-0.65686298	-1.1051255	-0.91002937	0.039499373	0.16866038	0.11678717	0.049788567	0.39175981	1.5715276	1.8591899	-5.085756	R0:N6:S0:1	e569cda	 2.79e-02	 1.78e-06	 1.77e-06	2022-03-21@18:29
1D_2_4b	4	1.199894	-0.32582344	1.2	1	0.61652692	0.55106641	0.096798135	0.18646779	3.8766883	0.96842195	-0.65686349	-1.1051201	-0.91002593	0.039499352	0.16865878	0.11678625	0.049788206	0.39176058	1.5715314	1.8591901	-5.08575	R0:N6:S0:1	e569cda	 2.79e-02	 5.56e-07	 3.81e-07	2022-03-21@18:29
1D_2_4b	4	1.1424042	-0.32041903	1.18	1	0.61480485	0.54833128	0.095885439	0.19946721	3.87254	0.96399641	-0.65414946	-1.1357263	-0.92162061	0.039209171	0.1790599	0.1206576	0.051412481	0.38798612	1.5445648	1.8709747	-5.0328137	R0:N6:S0:1	e569cda	 2.88e-02	 7.39e-04	 1.00e+06	2022-03-21@18:29
1D_2_4b	4	1.1438719	-0.3202958	1.18	1	0.61492259	0.54836345	0.095898138	0.19922871	3.8726369	0.96406718	-0.65420149	-1.1352016	-0.9213461	0.03921315	0.17887033	0.12056757	0.051383426	0.38805432	1.5450029	1.870791	-5.0322073	R0:N6:S0:1	e569cda	 2.89e-02	 4.62e-05	 3.05e-05	2022-03-21@18:29
1D_2_4b	4	1.1438756	-0.32022276	1.18	1	0.61489245	0.5483157	0.095895736	0.19920556	3.8726538	0.9640703	-0.6542085	-1.1351413	-0.92128157	0.039212304	0.178852	0.12055243	0.05137832	0.38806493	1.5450452	1.8708088	-5.0318455	R0:N6:S0:1	e569cda	 2.89e-02	 2.80e-05	 7.19e-06	2022-03-21@18:29
1D_2_4b	4	1.1439309	-0.32023079	1.18	1	0.61488799	0.54831828	0.095896052	0.19919124	3.8726607	0.96407405	-0.65421186	-1.1351074	-0.92126181	0.039212394	0.17884046	0.12054621	0.051376319	0.38806946	1.5450702	1.8708029	-5.0318629	R0:N6:S0:1	e569cda	 2.89e-02	 1.99e-06	 1.73e-06	2022-03-21@18:29
1D_2_4b	4	1.1439317	-0.32023093	1.18	1	0.61488411	0.548318	0.095896028	0.19918901	3.8726617	0.96407462	-0.65421242	-1.1351015	-0.92125838	0.039212383	0.17883866	0.12054525	0.05137593	0.3880703	1.5450745	1.8708029	-5.0318586	R0:N6:S0:1	e569cda	 2.89e-02	 5.16e-07	 4.36e-07	2022-03-21@18:29
1D_2_4b	4	1.0892521	-0.31544582	1.16	1	0.61341997	0.54578442	0.094963135	0.21304456	3.8680648	0.95944533	-0.65130649	-1.1662109	-0.93405464	0.038914883	0.18973763	0.12481394	0.053079929	0.38408952	1.517239	1.8828245	-4.9820962	R0:N6:S0:1	e569cda	 2.96e-02	 5.94e-04	 1.00e+06	2022-03-21@18:29
1D_2_4b	4	1.0903799	-0.3150839	1.16	1	0.61348378	0.54572845	0.094972643	0.2128298	3.8681518	0.9595092	-0.65135426	-1.1657502	-0.93378623	0.038917815	0.18957128	0.12473353	0.053051907	0.38415415	1.5176508	1.8826795	-4.9804783	R0:N6:S0:1	e569cda	 2.96e-02	 6.27e-05	 4.13e-05	2022-03-21@18:29
1D_2_4b	4	1.0903124	-0.3150009	1.16	1	0.61345034	0.54567235	0.094969463	0.21281897	3.8681639	0.95950856	-0.65135873	-1.1657182	-0.93373331	0.038916716	0.18956304	0.12472286	0.053048198	0.38416136	1.5176717	1.882708	-4.9800802	R0:N6:S0:1	e569cda	 2.96e-02	 3.43e-05	 7.91e-06	2022-03-21@18:29
1D_2_4b	4	1.0903795	-0.31501373	1.16	1	0.61345014	0.54567773	0.094970005	0.21280304	3.8681714	0.95951276	-0.65136236	-1.1656835	-0.9337129	0.038916881	0.18955041	0.12471599	0.053046201	0.384166	1.5176975	1.8826996	-4.9801203	R0:N6:S0:1	e569cda	 2.96e-02	 2.02e-06	 1.87e-06	2022-03-21@18:29
1D_2_4b	4	1.0903805	-0.31501357	1.16	1	0.61344623	0.54567749	0.094969996	0.21280068	3.8681726	0.95951338	-0.65136295	-1.1656774	-0.93370943	0.038916875	0.18954853	0.12471501	0.053045802	0.38416686	1.517702	1.8826995	-4.9801147	R0:N6:S0:1	e569cda	 2.96e-02	 6.15e-07	 4.47e-07	2022-03-21@18:29
1D_2_4b	4	1.0392416	-0.31017024	1.14	1	0.61221236	0.54314419	0.094019124	0.22731718	3.8632051	0.95473888	-0.64831324	-1.1967383	-0.94737923	0.038612375	0.20076408	0.12930452	0.054792536	0.38005877	1.4895161	1.8948354	-4.9305134	R0:N6:S0:1	e569cda	 3.01e-02	 3.06e-04	 1.00e+06	2022-03-21@18:29
1D_2_4b	4	1.0397535	-0.30984957	1.14	1	0.61224827	0.54305414	0.094021938	0.22720948	3.8632524	0.95476906	-0.64833834	-1.1965183	-0.94721637	0.038613176	0.20068346	0.12926093	0.05477733	0.3800932	1.4897267	1.89478	-4.9291159	R0:N6:S0:1	e569cda	 3.01e-02	 2.69e-05	 2.98e-05	2022-03-21@18:29
1D_2_4b	4	1.0397486	-0.30980766	1.14	1	0.61223444	0.54302362	0.094020369	0.22719718	3.8632625	0.95477016	-0.64834231	-1.1964892	-0.94717758	0.038612623	0.20067415	0.12925193	0.054774567	0.38009886	1.4897472	1.8947927	-4.9289096	R0:N6:S0:1	e569cda	 3.01e-02	 4.43e-06	 4.25e-06	2022-03-21@18:29
1D_2_4b	4	1.0397503	-0.30981215	1.14	1	0.61222718	0.54302526	0.094020421	0.22719275	3.8632645	0.95477137	-0.64834338	-1.1964782	-0.94717206	0.038612636	0.20067063	0.12925017	0.054773886	0.38010036	1.489755	1.894792	-4.9289195	R0:N6:S0:1	e569cda	 3.01e-02	 6.81e-07	 9.36e-07	2022-03-21@18:29
1D_2_4b	4	0.99204074	-0.30462772	1.12	1	0.61122491	0.54036177	0.09304846	0.24233064	3.8579455	0.94986192	-0.64516313	-1.227345	-0.9615792	0.038299863	0.21214796	0.13413806	0.056549963	0.37589126	1.4614042	1.9070074	-4.878249	R0:N6:S0:1	e569cda	 3.06e-02	 1.14e-04	 1.00e+06	2022-03-21@18:29
1D_2_4b	4	0.99182029	-0.30458675	1.12	1	0.61122143	0.54032107	0.093044605	0.24238205	3.8579267	0.94984562	-0.64515275	-1.2274457	-0.96161911	0.0382986	0.21218737	0.13415524	0.056555096	0.37587855	1.4613207	1.9070525	-4.878101	R0:N6:S0:1	e569cda	 3.06e-02	 1.16e-05	 7.46e-06	2022-03-21@18:29
1D_2_4b	4	0.99182157	-0.30460682	1.12	1	0.6112262	0.54033156	0.093045004	0.2423858	3.8579241	0.94984506	-0.64515156	-1.2274546	-0.96163008	0.038298743	0.21219008	0.13415756	0.05655596	0.37587679	1.461313	1.9070493	-4.878194	R0:N6:S0:1	e569cda	 3.06e-02	 9.61e-07	 1.72e-06	2022-03-21@18:29
1D_2_4b	4	0.9465941	-0.29939624	1.1	1	0.61045188	0.53759681	0.092045313	0.25834754	3.8521575	0.94474749	-0.64179631	-1.2584633	-0.97701817	0.037975524	0.22405092	0.13942525	0.058382368	0.37151549	1.432547	1.9193894	-4.8279189	R0:N6:S0:1	e569cda	 3.10e-02	 2.11e-04	 1.00e+06	2022-03-21@18:29
1D_2_4b	4	0.94622898	-0.29960767	1.1	1	0.61045779	0.53762084	0.092039909	0.25844384	3.8521247	0.94471571	-0.64177554	-1.2586509	-0.9771198	0.037973795	0.22412051	0.1394551	0.058394525	0.37148714	1.4323566	1.9194574	-4.8288587	R0:N6:S0:1	e569cda	 3.10e-02	 8.24e-05	 2.40e-05	2022-03-21@18:29
1D_2_4b	4	0.94637844	-0.29966031	1.1	1	0.61048616	0.53765584	0.092042601	0.25842025	3.8521335	0.94472312	-0.64177959	-1.258615	-0.97710879	0.037974698	0.22410266	0.1394469	0.058393335	0.37149102	1.4323853	1.919426	-4.8290927	R0:N6:S0:1	e569cda	 3.10e-02	 6.20e-06	 5.36e-06	2022-03-21@18:29
1D_2_4b	4	0.9463768	-0.29964932	1.1	1	0.61048578	0.53765037	0.092042402	0.25841988	3.852134	0.94472304	-0.64177981	-1.2586141	-0.97710543	0.037974629	0.2241025	0.13944643	0.058393129	0.3714914	1.4323868	1.9194277	-4.829045	R0:N6:S0:1	e569cda	 3.10e-02	 0.00e+00	 9.06e-07	2022-03-21@18:29
1D_2_4b	4	0.90341601	-0.29494059	1.08	1	0.609999	0.53498106	0.09101409	0.27524702	3.8459114	0.9394208	-0.63824056	-1.2897864	-0.99350506	0.037640563	0.23633756	0.14509443	0.06027377	0.36696791	1.4031663	1.931839	-4.7814449	R0:N6:S0:1	e569cda	 3.13e-02	 1.81e-04	 1.00e+06	2022-03-21@18:29
1D_2_4b	4	0.9031983	-0.29522196	1.08	1	0.60999772	0.53504521	0.091011199	0.27530248	3.8458965	0.93940052	-0.63822818	-1.2898911	-0.99357244	0.037639653	0.23637451	0.14510816	0.060281885	0.36694948	1.4030328	1.9318775	-4.782649	R0:N6:S0:1	e569cda	 3.13e-02	 4.95e-05	 2.64e-05	2022-03-21@18:29
1D_2_4b	4	0.90328435	-0.29525944	1.08	1	0.61000954	0.53507442	0.091013302	0.27528729	3.8459007	0.939406	-0.6382305	-1.2898676	-0.9935719	0.037640367	0.23636307	0.14510423	0.060281258	0.36695176	1.4030521	1.9318547	-4.7828138	R0:N6:S0:1	e569cda	 3.13e-02	 4.09e-06	 4.08e-06	2022-03-21@18:29
1D_2_4b	4	0.90328339	-0.29525236	1.08	1	0.61001108	0.53507074	0.091013166	0.27528807	3.8459006	0.93940567	-0.6382304	-1.2898694	-0.99357093	0.03764032	0.23636375	0.14510432	0.060281279	0.36695167	1.4030514	1.9318558	-4.7827851	R0:N6:S0:1	e569cda	 3.13e-02	 1.33e-07	 6.25e-07	2022-03-21@18:29
1D_2_4b	4	0.86254141	-0.29141578	1.06	1	0.60980354	0.53259227	0.089958844	0.29293154	3.8392517	0.93390838	-0.63451759	-1.3210516	-1.0109153	0.037296107	0.24889456	0.15109871	0.062208671	0.36228203	1.3734902	1.944241	-4.7393908	R0:N6:S0:1	e569cda	 3.14e-02	 2.41e-04	 1.00e+06	2022-03-21@18:29
1D_2_4b	4	0.86297831	-0.29159728	1.06	1	0.60987068	0.53266106	0.089964131	0.29280863	3.8393211	0.93393515	-0.63454366	-1.320868	-1.0107635	0.037297825	0.24880509	0.15103634	0.062198521	0.36230837	1.3736106	1.9441703	-4.7401179	R0:N6:S0:1	e569cda	 3.14e-02	 2.86e-05	 1.73e-05	2022-03-21@18:29
1D_2_4b	4	0.86303295	-0.29158683	1.06	1	0.60985774	0.53265712	0.089964602	0.29277955	3.8393359	0.93394227	-0.6345506	-1.3208145	-1.0107221	0.037297955	0.2487843	0.15102324	0.062194815	0.36231681	1.3736531	1.9441639	-4.7400407	R0:N6:S0:1	e569cda	 3.14e-02	 2.93e-06	 3.08e-06	2022-03-21@18:29
1D_2_4b	4	0.86303418	-0.29158644	1.06	1	0.60985211	0.53265618	0.089964565	0.29277504	3.8393383	0.93394332	-0.63455177	-1.3208052	-1.0107151	0.037297937	0.24878101	0.15102114	0.062194139	0.36231828	1.3736598	1.9441645	-4.7400304	R0:N6:S0:1	e569cda	 3.14e-02	 7.56e-07	 7.13e-07	2022-03-21@18:29
1D_2_4b	4	0.82563058	-0.28865018	1.04	1	0.61000524	0.53040647	0.088899907	0.31074718	3.832524	0.92836442	-0.63077396	-1.3512009	-1.0283265	0.036948359	0.26123246	0.15712269	0.064115111	0.3576287	1.3444294	1.9562518	-4.7007137	R0:N6:S0:1	e569cda	 3.14e-02	 2.56e-04	 1.00e+06	2022-03-21@18:29
1D_2_4b	4	0.82614047	-0.28863341	1.04	1	0.61005416	0.53042279	0.088906546	0.31058275	3.8326071	0.92840506	-0.63080975	-1.3509509	-1.0281185	0.036950496	0.26111867	0.15704839	0.064099004	0.35766851	1.3446368	1.956167	-4.7005739	R0:N6:S0:1	e569cda	 3.14e-02	 1.92e-05	 1.33e-05	2022-03-21@18:29
1D_2_4b	4	0.82614234	-0.28860776	1.04	1	0.61003386	0.53040277	0.088905737	0.31056275	3.8326198	0.92840875	-0.63081541	-1.3509121	-1.0280772	0.036950187	0.26110485	0.15703744	0.064095711	0.35767546	1.3446664	1.9561752	-4.700427	R0:N6:S0:1	e569cda	 3.14e-02	 3.72e-06	 3.57e-06	2022-03-21@18:29
1D_2_4b	4	0.82614367	-0.28860814	1.04	1	0.61002656	0.53040306	0.088905777	0.31055744	3.8326223	0.92841012	-0.63081673	-1.3509011	-1.0280703	0.036950196	0.26110102	0.15703525	0.064094956	0.35767712	1.3446744	1.9561753	-4.7004185	R0:N6:S0:1	e569cda	 3.14e-02	 6.50e-07	 9.13e-07	2022-03-21@18:29
1D_2_4b	4	0.7926111	-0.28631965	1.02	1	0.61053461	0.52831228	0.087842174	0.32843043	3.8258763	0.92284665	-0.62707002	-1.3799146	-1.0453363	0.036598703	0.27317097	0.16303406	0.065964001	0.35307532	1.3163218	1.9677899	-4.6638654	R0:N6:S0:1	e569cda	 3.12e-02	 2.36e-04	 1.00e+06	2022-03-21@18:29
1D_2_4b	4	0.79306283	-0.28618887	1.02	1	0.61056669	0.52830254	0.087849051	0.3282778	3.8259461	0.92288806	-0.62710313	-1.3796869	-1.0451515	0.03660094	0.27306974	0.16297198	0.065948452	0.3531136	1.3165361	1.9677083	-4.6632508	R0:N6:S0:1	e569cda	 3.13e-02	 5.05e-05	 1.84e-05	2022-03-21@18:29
1D_2_4b	4	0.79297585	-0.28615737	1.02	1	0.61053701	0.52827505	0.087846925	0.32828689	3.825944	0.92288458	-0.62710269	-1.379691	-1.0451446	0.036600198	0.27307611	0.1629742	0.065947791	0.35311384	1.3165315	1.9677329	-4.6630892	R0:N6:S0:1	e569cda	 3.13e-02	 1.76e-05	 4.21e-06	2022-03-21@18:29
1D_2_4b	4	0.79300956	-0.28616564	1.02	1	0.61053978	0.52828053	0.0878475	0.32827522	3.8259499	0.92288745	-0.62710511	-1.379674	-1.0451319	0.036600389	0.27306801	0.16296894	0.065946807	0.35311638	1.316544	1.9677263	-4.6631193	R0:N6:S0:1	e569cda	 3.13e-02	 8.32e-07	 1.14e-06	2022-03-21@18:29
model	U	eb1_1	eb2_1	mu	t	tb1_1	tb2_1	ave_U_1	ave_eb1_1	ave_eb2_1	ave_mu_1	ave_t_1	ave_tb1_1	ave_tb2_1	var_U_1	var_eb1_1	var_eb2_1	var_mu_1	var_t_1	var_tb1_1	var_tb2_1	E0_1	sector_1	githash	distance	diff_param	diff_hybrid	time
1D_2_4b	4	1	-1	2	1	0.5	0.5	0.096246433	0.072538438	3.9274616	1	-0.68403962	-0.72257031	-0.72257031	0.039177113	0.069788304	0.069788304	0.028690059	0.43790431	1.8294373	1.8294373	-9.1756012	R0:N6:S0:1	e569cda	 4.21e-04	 3.08e-01	 1.00e+06	2022-03-22@20:19
1D_2_4b	4	1.4026358	-1.4026358	2	1	0.6643928	0.6643928	0.10363093	0.09504577	3.9049542	1	-0.67616856	-0.83386399	-0.83386399	0.041649214	0.090301982	0.090301982	0.03770747	0.41953765	1.7729236	1.7729236	-10.97523	R0:N6:S0:1	e569cda	 3.90e-04	 3.53e-02	 1.50e-02	2022-03-22@20:19
1D_2_4b	4	1.3527326	-1.3527326	2	1	0.66500694	0.66500695	0.1046148	0.099692646	3.9003074	1	-0.6745901	-0.85178807	-0.85178808	0.041974822	0.094504893	0.094504894	0.039014798	0.41673423	1.7655009	1.7655009	-10.786367	R0:N6:S0:1	e569cda	 4.18e-04	 1.21e-02	 1.48e-03	2022-03-22@20:19
1D_2_4b	4	1.3356145	-1.3356145	2	1	0.66396719	0.66396741	0.10485268	0.10093489	3.8990651	1	-0.67417098	-0.85636355	-0.85636371	0.042053382	0.095626759	0.095626793	0.039337959	0.4160313	1.7637157	1.7637155	-10.719553	R0:N6:S0:1	e569cda	 4.26e-04	 3.39e-03	 3.92e-04	2022-03-22@20:19
1D_2_4b	4	1.3308344	-1.3308341	2	1	0.66364666	0.66364662	0.10491711	0.10127729	3.8987227	1	-0.6740556	-0.8576134	-0.85761341	0.042074652	0.095935822	0.095935826	0.039425812	0.41583982	1.7632328	1.7632327	-10.700849	R0:N6:S0:1	e569cda	 4.29e-04	 9.24e-04	 1.08e-04	2022-03-22@20:19
1D_2_4b	4	1.3295298	-1.3295299	2	1	0.6635595	0.66355914	0.10493475	0.10137128	3.8986288	0.99999997	-0.67402394	-0.85795599	-0.8579557	0.042080472	0.09602065	0.096020589	0.039449882	0.41578736	1.7631004	1.7631007	-10.695746	R0:N6:S0:1	e569cda	 4.30e-04	 2.55e-04	 2.96e-05	2022-03-22@20:19
1D_2_4b	4	1.3291699	-1.3291704	2	1	0.66353497	0.66353493	0.1049396	0.10139711	3.8986029	0.99999998	-0.67401523	-0.85805004	-0.85804992	0.042082075	0.096043963	0.096043935	0.039456494	0.41577295	1.7630642	1.7630643	-10.694339	R0:N6:S0:1	e569cda	 4.30e-04	 7.02e-05	 8.15e-06	2022-03-22@20:19
1D_2_4b	4	1.329071	-1.3290711	2	1	0.66352827	0.66352821	0.10494094	0.10140423	3.8985958	0.99999999	-0.67401283	-0.85807595	-0.85807588	0.042082517	0.096050384	0.096050369	0.039458316	0.41576897	1.7630542	1.7630543	-10.693951	R0:N6:S0:1	e569cda	 4.30e-04	 1.97e-06	 2.24e-06	2022-03-22@20:19
1D_2_4b	4	1.3290702	-1.3290703	2	1	0.6635309	0.66353093	0.1049412	0.10140526	3.8985947	1	-0.67401247	-0.85808006	-0.85808006	0.042082602	0.096051308	0.096051308	0.039458642	0.4157683	1.7630523	1.7630523	-10.693952	R0:N6:S0:1	e569cda	 4.30e-04	 0.00e+00	 4.01e-07	2022-03-22@20:19
1D_2_4b	4	1.3290702	-1.3290703	1.95	1	0.6635309	0.66353093	0.10380784	0.1037608	3.9008423	0.99769845	-0.67399395	-0.86701305	-0.84945571	0.041719305	0.098109051	0.094081288	0.039477714	0.41572435	1.7519112	1.7739679	-10.594068	R0:N6:S0:1	e569cda	 4.33e-04	 2.94e-02	 1.00e+06	2022-03-22@20:19
1D_2_4b	4	1.3701096	-1.2870963	1.95	1	0.66395427	0.66298345	0.10470734	0.10190588	3.8990465	0.99952383	-0.67400432	-0.86002187	-0.85630427	0.042007672	0.096491648	0.095654804	0.039464431	0.4157552	1.7607627	1.7652809	-10.42605	R0:N6:S0:1	e569cda	 4.38e-04	 9.28e-03	 1.18e-03	2022-03-22@20:19
1D_2_4b	4	1.3829976	-1.2737649	1.95	1	0.66433253	0.66246633	0.10496728	0.10137583	3.8985269	1.0000486	-0.67400628	-0.85803432	-0.85824245	0.042090729	0.096029556	0.096107959	0.039461675	0.41576067	1.7633165	1.7627632	-10.372645	R0:N6:S0:1	e569cda	 4.39e-04	 2.72e-03	 3.41e-04	2022-03-22@20:19
1D_2_4b	4	1.386708	-1.2697859	1.95	1	0.66444518	0.66229655	0.10504366	0.10122711	3.8983712	1.0002008	-0.67400519	-0.85747576	-0.85882031	0.042115123	0.095899993	0.096243724	0.039462175	0.41575933	1.7640505	1.7620254	-10.356708	R0:N6:S0:1	e569cda	 4.40e-04	 7.87e-04	 9.94e-05	2022-03-22@20:19
1D_2_4b	4	1.3877488	-1.2686062	1.95	1	0.66447478	0.66224474	0.1050661	0.10118617	3.8983242	1.0002448	-0.67400419	-0.85732163	-0.85899448	0.042122293	0.095864389	0.096284776	0.039462832	0.41575782	1.7642598	1.7618094	-10.351985	R0:N6:S0:1	e569cda	 4.40e-04	 2.29e-04	 2.89e-05	2022-03-22@20:19
1D_2_4b	4	1.388018	-1.2682364	1.95	1	0.6644782	0.66222536	0.10507276	0.10117553	3.8983094	1.0002575	-0.6740035	-0.85728104	-0.85904885	0.042124421	0.095855181	0.096297732	0.039463269	0.41575681	1.7643191	1.7617458	-10.350502	R0:N6:S0:1	e569cda	 4.40e-04	 7.13e-05	 8.45e-06	2022-03-22@20:19
1D_2_4b	4	1.388116	-1.2681332	1.95	1	0.66448336	0.66222164	0.10507481	0.10117222	3.898305	1.0002614	-0.67400332	-0.8572688	-0.85906525	0.042125078	0.09585231	0.096301577	0.03946343	0.41575646	1.7643368	1.7617262	-10.350091	R0:N6:S0:1	e569cda	 4.40e-04	 1.71e-05	 2.55e-06	2022-03-22@20:19
1D_2_4b	4	1.3881428	-1.268112	1.95	1	0.66448504	0.66222222	0.10507536	0.10117136	3.8983039	1.0002624	-0.67400326	-0.85726566	-0.8590697	0.042125255	0.095851559	0.096302587	0.039463488	0.41575635	1.7643413	1.7617209	-10.350008	R0:N6:S0:1	e569cda	 4.40e-04	 6.76e-07	 6.64e-07	2022-03-22@20:19
1D_2_4b	4	1.4472163	-1.2071532	1.9	1	0.66543695	0.66091464	0.10521055	0.1009396	3.8980096	1.0005254	-0.67399314	-0.856458	-0.86007009	0.042168212	0.095653616	0.096556726	0.03946919	0.41574249	1.7656283	1.7603814	-10.006063	R0:N6:S0:1	e569cda	 4.72e-04	 1.09e-03	 1.00e+06	2022-03-22@20:19
1D_2_4b	4	1.4457835	-1.2055673	1.9	1	0.66514349	0.66057147	0.1052114	0.10097105	3.8979791	1.0005249	-0.67398343	-0.8565458	-0.86014869	0.042168466	0.095682394	0.096584432	0.039472296	0.41573311	1.7656212	1.760376	-9.9994797	R0:N6:S0:1	e569cda	 4.72e-04	 1.38e-04	 2.95e-05	2022-03-22@20:19
1D_2_4b	4	1.4455729	-1.205392	1.9	1	0.66512229	0.66055397	0.10521325	0.10098308	3.8979678	1.0005245	-0.67397953	-0.85658882	-0.86018866	0.042169076	0.095693258	0.096594601	0.039475129	0.41572686	1.765604	1.7603627	-9.9987846	R0:N6:S0:1	e569cda	 4.72e-04	 3.78e-05	 3.91e-06	2022-03-22@20:19
1D_2_4b	4	1.445542	-1.2053234	1.9	1	0.66512089	0.66054715	0.10521407	0.100986	3.8979641	1.000525	-0.67397841	-0.85659956	-0.86020202	0.042169344	0.095695919	0.096597972	0.039475966	0.41572502	1.7656016	1.760356	-9.998513	R0:N6:S0:1	e569cda	 4.72e-04	 8.57e-07	 1.27e-06	2022-03-22@20:19
1D_2_4b	4	1.5012652	-1.1407041	1.85	1	0.66544339	0.65850865	0.10535805	0.10085091	3.8975725	1.0007883	-0.67393714	-0.85608918	-0.86148573	0.042215101	0.095586028	0.096939929	0.039496659	0.41567308	1.7668332	1.7589512	-9.6394743	R0:N6:S0:1	e569cda	 5.30e-04	 1.55e-04	 1.00e+06	2022-03-22@20:19
1D_2_4b	4	1.5010083	-1.140543	1.85	1	0.66541359	0.65845649	0.10535641	0.10086038	3.8975712	1.0007842	-0.67393542	-0.85612182	-0.86148491	0.042214577	0.095594557	0.096941199	0.039497423	0.41567109	1.7668113	1.7589674	-9.638802	R0:N6:S0:1	e569cda	 5.30e-04	 2.26e-06	 4.66e-06	2022-03-22@20:19
1D_2_4b	4	1.5010067	-1.1405438	1.85	1	0.6654177	0.65845581	0.10535633	0.1008615	3.897571	1.0007837	-0.6739352	-0.85612643	-0.8614855	0.042214553	0.095595562	0.096941364	0.039497627	0.41567067	1.766808	1.7589684	-9.6388081	R0:N6:S0:1	e569cda	 5.30e-04	 0.00e+00	 4.70e-07	2022-03-22@20:19
model	U	eb1_1	eb2_1	mu	t	tb1_1	tb2_1	ave_U_1	ave_eb1_1	ave_eb2_1	ave_mu_1	ave_t_1	ave_tb1_1	ave_tb2_1	var_U_1	var_eb1_1	var_eb2_1	var_mu_1	var_t_1	var_tb1_1	var_tb2_1	E0_1	sector_1	githash	version	distance	diff_param	diff_hybrid	time
1D_2_4b	4	1	-1	2	1	0.5	0.5	0.096246433	0.072538438	3.9274616	1	-0.68403962	-0.72257031	-0.72257031	0.039177113	0.069788304	0.069788304	0.028690059	0.43790431	1.8294373	1.8294373	-9.1756012	R0:N6:S0:1	b236446	v1.0.0	 9.20e-05	 1.69e-01	 1.00e+06	2022-04-21@10:55
1D_2_4b	4	1.2125474	-1.2125474	2	1	0.61060447	0.61060446	0.10243206	0.093366224	3.9066338	1	-0.67685973	-0.82180333	-0.82180333	0.041247871	0.088826302	0.088826302	0.036376379	0.42197558	1.78227	1.78227	-10.161624	R0:N6:S0:1	b236446	v1.0.0	 1.02e-04	 2.98e-02	 2.57e-02	2022-04-21@10:55
1D_2_4b	4	1.1704403	-1.1704406	2	1	0.61222833	0.61222839	0.10340343	0.098134646	3.9018654	1	-0.6752598	-0.84006487	-0.84006486	0.041569963	0.093155378	0.093155376	0.037671798	0.41917518	1.7750865	1.7750865	-10.003956	R0:N6:S0:1	b236446	v1.0.0	 1.14e-04	 1.33e-02	 5.84e-03	2022-04-21@10:55
1D_2_4b	4	1.1516787	-1.1516794	2	1	0.61036696	0.61036717	0.10360815	0.099379391	3.9006206	1	-0.67485012	-0.84443864	-0.84443868	0.041637605	0.094286017	0.094286022	0.037958384	0.41853452	1.77362	1.77362	-9.9294816	R0:N6:S0:1	b236446	v1.0.0	 1.18e-04	 4.10e-03	 1.66e-03	2022-04-21@10:55
1D_2_4b	4	1.1459171	-1.1459183	2	1	0.60966477	0.6096651	0.10365955	0.099719008	3.900281	1	-0.67473919	-0.84559713	-0.84559719	0.041654569	0.094594666	0.094594673	0.038031843	0.418368	1.773258	1.773258	-9.9063973	R0:N6:S0:1	b236446	v1.0.0	 1.19e-04	 1.17e-03	 4.67e-04	2022-04-21@10:55
1D_2_4b	4	1.1442755	-1.1442743	2	1	0.60945531	0.60945511	0.10367337	0.099812758	3.9001872	1	-0.67470864	-0.84591407	-0.84591413	0.041659129	0.094679884	0.094679901	0.038051728	0.41832272	1.7731613	1.7731612	-9.8997944	R0:N6:S0:1	b236446	v1.0.0	 1.20e-04	 3.27e-04	 1.30e-04	2022-04-21@10:55
1D_2_4b	4	1.1438153	-1.143816	2	1	0.60939582	0.60939596	0.10367717	0.099838754	3.9001613	1	-0.67470017	-0.84600173	-0.8460017	0.04166038	0.094703515	0.094703507	0.038057209	0.41831022	1.7731346	1.7731347	-9.8979528	R0:N6:S0:1	b236446	v1.0.0	 1.20e-04	 8.46e-05	 3.62e-05	2022-04-21@10:55
1D_2_4b	4	1.1436974	-1.1436964	2	1	0.6093821	0.60938176	0.10367828	0.09984603	3.900154	0.99999999	-0.6746978	-0.84602663	-0.84602653	0.041660747	0.094710126	0.094710108	0.038058795	0.41830663	1.7731268	1.7731268	-9.8974745	R0:N6:S0:1	b236446	v1.0.0	 1.20e-04	 2.62e-05	 9.88e-06	2022-04-21@10:55
1D_2_4b	4	1.1436593	-1.1436612	2	1	0.60937685	0.609377	0.10367855	0.099848017	3.900152	0.99999997	-0.67469716	-0.84603325	-0.84603303	0.041660836	0.094711931	0.094711879	0.038059199	0.41830571	1.7731247	1.773125	-9.8973322	R0:N6:S0:1	b236446	v1.0.0	 1.20e-04	 1.02e-06	 2.80e-06	2022-04-21@10:55
1D_2_4b	4	1.1436589	-1.1436607	2	1	0.60937811	0.60937845	0.1036787	0.099848587	3.9001514	0.99999999	-0.67469696	-0.84603551	-0.84603544	0.041660884	0.094712445	0.094712425	0.038059377	0.41830533	1.7731238	1.7731239	-9.8973326	R0:N6:S0:1	b236446	v1.0.0	 1.20e-04	 2.74e-07	 6.70e-07	2022-04-21@10:55
model	U	eb1_1	eb2_1	mu	t	tb1_1	tb2_1	ave_U_1	ave_eb1_1	ave_eb2_1	ave_mu_1	ave_t_1	ave_tb1_1	ave_tb2_1	var_U_1	var_eb1_1	var_eb2_1	var_mu_1	var_t_1	var_tb1_1	var_tb2_1	E0_1	sector_1	githash	version	distance	diff_param	diff_hybrid	time
1D_2_4b	4	1	-1	2	1	0.5	0.5	0.096246433	0.072538438	3.9274616	1	-0.68403962	-0.72257031	-0.72257031	0.039177113	0.069788304	0.069788304	0.028690059	0.43790431	1.8294373	1.8294373	-9.1756012	R0:N6:S0:1	8d6f65b	v1.0.0	 9.69e-05	 1.59e-01	 1.00e+06	2022-04-27@13:56
1D_2_4b	4	1.1985693	-1.1985694	2	1	0.60694122	0.60694124	0.10236627	0.093354217	3.9066458	1	-0.6768739	-0.82132396	-0.82132397	0.041225766	0.088819696	0.088819697	0.036307764	0.42209283	1.782808	1.782808	-10.102303	R0:N6:S0:1	8d6f65b	v1.0.0	 1.24e-04	 8.71e-03	 2.56e-02	2022-04-27@13:56
1D_2_4b	4	1.1951789	-1.195179	2	1	0.61878646	0.61878646	0.10351798	0.098107316	3.9018927	1	-0.67524828	-0.84077552	-0.84077551	0.041608406	0.093121679	0.093121675	0.037789082	0.41898088	1.7741315	1.7741315	-10.109078	R0:N6:S0:1	8d6f65b	v1.0.0	 1.12e-04	 3.08e-02	 5.50e-03	2022-04-27@13:56
1D_2_4b	4	1.1524059	-1.1524067	2	1	0.6104653	0.61046028	0.10360211	0.099340041	3.9006609	0.99999952	-0.67486309	-0.84430633	-0.84430216	0.041635616	0.094250227	0.094249373	0.037950006	0.41855365	1.7736584	1.7736627	-9.9324079	R0:N6:S0:1	8d6f65b	v1.0.0	 1.19e-04	 6.52e-04	 2.37e-03	2022-04-27@13:56
model	U	eb1_1	eb2_1	mu	t	tb1_1	tb2_1	ave_U_1	ave_eb1_1	ave_eb2_1	ave_mu_1	ave_t_1	ave_tb1_1	ave_tb2_1	var_U_1	var_eb1_1	var_eb2_1	var_mu_1	var_t_1	var_tb1_1	var_tb2_1	E0_1	sector_1	githash	version	distance	diff_param	diff_hybrid	time
1D_2_4b	4	1	-1	2	1	0.5	0.5	0.096246433	0.072538438	3.9274616	1	-0.68403962	-0.72257031	-0.72257031	0.039177113	0.069788304	0.069788304	0.028690059	0.43790431	1.8294373	1.8294373	-9.1756012	R0:N6:S0:1	8d6f65b	v1.0.0	 9.69e-05	 1.59e-01	 1.00e+06	2022-04-27@13:57
1D_2_4b	4	1.1985693	-1.1985694	2	1	0.60694122	0.60694124	0.10236627	0.093354217	3.9066458	1	-0.6768739	-0.82132396	-0.82132397	0.041225766	0.088819696	0.088819697	0.036307764	0.42209283	1.782808	1.782808	-10.102303	R0:N6:S0:1	8d6f65b	v1.0.0	 1.24e-04	 8.71e-03	 2.56e-02	2022-04-27@13:57
1D_2_4b	4	1.1951789	-1.195179	2	1	0.61878646	0.61878646	0.10351798	0.098107316	3.9018927	1	-0.67524828	-0.84077552	-0.84077551	0.041608406	0.093121679	0.093121675	0.037789082	0.41898088	1.7741315	1.7741315	-10.109078	R0:N6:S0:1	8d6f65b	v1.0.0	 1.12e-04	 3.08e-02	 5.50e-03	2022-04-27@13:57
1D_2_4b	4	1.1524059	-1.1524067	2	1	0.61046529	0.61046028	0.10360211	0.099340041	3.9006609	0.99999952	-0.67486309	-0.84430633	-0.84430216	0.041635616	0.094250227	0.094249373	0.037950006	0.41855365	1.7736584	1.7736627	-9.9324079	R0:N6:S0:1	8d6f65b	v1.0.0	 1.19e-04	 6.52e-04	 2.37e-03	2022-04-27@13:57
1D_2_4b	4	1.1521109	-1.1521103	1.95	1	0.61133409	0.61133872	0.10252874	0.10213615	3.9025873	0.99763829	-0.67471445	-0.85508049	-0.83686601	0.041291542	0.096705987	0.092567911	0.038084986	0.41826571	1.7614885	1.7842551	-9.8328758	R0:N6:S0:1	8d6f65b	v1.0.0	 1.23e-04	 2.40e-02	 1.00e+06	2022-04-27@13:57
1D_2_4b	4	1.1819403	-1.1144445	1.95	1	0.61007218	0.61126012	0.10337878	0.10053646	3.9007851	0.99933924	-0.67468335	-0.84878869	-0.84381303	0.041565178	0.095310917	0.0941582	0.038092597	0.41824526	1.7696568	1.7760928	-9.6817515	R0:N6:S0:1	8d6f65b	v1.0.0	 1.27e-04	 8.27e-03	 4.74e-03	2022-04-27@13:57
1D_2_4b	4	1.1908332	-1.1005699	1.95	1	0.60944255	0.60999342	0.10357908	0.099943724	3.9004164	0.99981994	-0.6747241	-0.84643524	-0.84510075	0.041628924	0.094791602	0.094478368	0.038044415	0.41834114	1.7723035	1.7740703	-9.6251376	R0:N6:S0:1	8d6f65b	v1.0.0	 1.30e-04	 2.97e-04	 1.33e-03	2022-04-27@13:57
1D_2_4b	4	1.22968	-1.0487409	1.9	1	0.60694605	0.60962042	0.10356291	0.10010392	3.9003113	0.99979239	-0.67468493	-0.84673254	-0.84539765	0.04162387	0.094933607	0.094580992	0.038049607	0.418316	1.7721589	1.7743109	-9.3166903	R0:N6:S0:1	8d6f65b	v1.0.0	 1.62e-04	 1.59e-04	 1.00e+06	2022-04-27@13:57
1D_2_4b	4	1.2688011	-0.9964316	1.85	1	0.60446376	0.60933505	0.10356578	0.10027364	3.9001486	0.99978889	-0.67463453	-0.84705853	-0.84591911	0.041625013	0.095084652	0.094735277	0.038064037	0.41827116	1.7720756	1.7743873	-9.0064301	R0:N6:S0:1	8d6f65b	v1.0.0	 2.11e-04	 6.71e-03	 1.00e+06	2022-04-27@13:57
1D_2_4b	4	1.2745429	-0.9846239	1.85	1	0.60510127	0.60663102	0.10358556	0.10007838	3.9001208	0.9999004	-0.67466617	-0.84635133	-0.84573696	0.041630482	0.094919891	0.094751839	0.038021557	0.41835355	1.772994	1.7740415	-8.9580559	R0:N6:S0:1	8d6f65b	v1.0.0	 2.14e-04	 1.48e-04	 8.41e-04	2022-04-27@13:57
model	U	eb1_1	eb2_1	mu	t	tb1_1	tb2_1	ave_U_1	ave_eb1_1	ave_eb2_1	ave_mu_1	ave_t_1	ave_tb1_1	ave_tb2_1	var_U_1	var_eb1_1	var_eb2_1	var_mu_1	var_t_1	var_tb1_1	var_tb2_1	E0_1	sector_1	githash	version	distance	diff_param	diff_hybrid	time
1D_2_4b	4	1	-1	2	1	0.5	0.5	0.096246433	0.072538438	3.9274616	1	-0.68403962	-0.72257031	-0.72257031	0.039177113	0.069788304	0.069788304	0.028690059	0.43790431	1.8294373	1.8294373	-9.1756012	R0:N6:S0:1	8d6f65b	v1.0.0	 9.69e-05	 1.59e-01	 1.00e+06	2022-04-27@13:57
1D_2_4b	4	1.1985693	-1.1985694	2	1	0.60694122	0.60694124	0.10236627	0.093354218	3.9066458	1	-0.6768739	-0.82132397	-0.82132397	0.041225766	0.088819697	0.088819696	0.036307764	0.42209283	1.782808	1.782808	-10.102303	R0:N6:S0:1	8d6f65b	v1.0.0	 1.24e-04	 8.71e-03	 2.56e-02	2022-04-27@13:57
1D_2_4b	4	1.1951789	-1.195179	2	1	0.61878646	0.61878647	0.10351798	0.098107315	3.9018927	1	-0.67524828	-0.84077552	-0.84077551	0.041608406	0.093121678	0.093121676	0.037789082	0.41898088	1.7741315	1.7741315	-10.109078	R0:N6:S0:1	8d6f65b	v1.0.0	 1.12e-04	 3.08e-02	 5.50e-03	2022-04-27@13:57
1D_2_4b	4	1.1524062	-1.1524064	2	1	0.6104634	0.61046217	0.10360229	0.099339683	3.9006606	0.99999988	-0.67486309	-0.84430476	-0.84430373	0.041635674	0.094249905	0.094249695	0.037950006	0.41855365	1.77366	1.7736611	-9.9324067	R0:N6:S0:1	8d6f65b	v1.0.0	 1.19e-04	 6.52e-04	 2.37e-03	2022-04-27@13:57
1D_2_4b	4	1.1521107	-1.1521105	1.95	1	0.61133587	0.61133701	0.10252858	0.1021365	3.9025876	0.99763796	-0.67471445	-0.85508198	-0.83686464	0.04129149	0.096706297	0.092567632	0.038084992	0.41826569	1.761487	1.7842566	-9.8328766	R0:N6:S0:1	8d6f65b	v1.0.0	 1.23e-04	 2.40e-02	 1.00e+06	2022-04-27@13:57
1D_2_4b	4	1.1819386	-1.1144464	1.95	1	0.61007223	0.61126015	0.10337874	0.10053656	3.9007851	0.99933915	-0.67468335	-0.84878905	-0.84381272	0.041565165	0.095310998	0.094158129	0.0380926	0.41824526	1.7696564	1.7760932	-9.6817592	R0:N6:S0:1	8d6f65b	v1.0.0	 1.27e-04	 8.27e-03	 4.74e-03	2022-04-27@13:57
1D_2_4b	4	1.1908325	-1.1005708	1.95	1	0.6094424	0.60999338	0.10357906	0.099943704	3.9004165	0.99981991	-0.67472411	-0.84643515	-0.84510046	0.041628916	0.094791583	0.094478302	0.038044401	0.41834117	1.7723035	1.7740705	-9.6251409	R0:N6:S0:1	8d6f65b	v1.0.0	 1.30e-04	 2.97e-04	 1.33e-03	2022-04-27@13:57
1D_2_4b	4	1.2296789	-1.0487423	1.9	1	0.60694397	0.60962224	0.10356304	0.10010356	3.9003111	0.99979268	-0.67468496	-0.84673093	-0.84539869	0.041623913	0.094933276	0.094581194	0.038049586	0.41831604	1.7721603	1.7743097	-9.316696	R0:N6:S0:1	8d6f65b	v1.0.0	 1.62e-04	 1.60e-04	 1.00e+06	2022-04-27@13:57
1D_2_4b	4	1.2688022	-0.99642786	1.85	1	0.60446354	0.60933759	0.1035661	0.10027387	3.9001476	0.99978925	-0.67463433	-0.84705933	-0.84592302	0.041625117	0.095084867	0.094736146	0.038064214	0.41827078	1.7720763	1.7743846	-9.0064173	R0:N6:S0:1	8d6f65b	v1.0.0	 2.11e-04	 6.72e-03	 1.00e+06	2022-04-27@13:57
1D_2_4b	4	1.2745587	-0.98459959	1.85	1	0.60508748	0.60661702	0.1035848	0.10007234	3.900125	0.99990134	-0.67466792	-0.84632719	-0.84572005	0.041630224	0.094914476	0.094748075	0.038019973	0.41835687	1.7730079	1.7740463	-8.957936	R0:N6:S0:1	8d6f65b	v1.0.0	 2.14e-04	 1.42e-04	 8.42e-04	2022-04-27@13:57
model	U	eb1_1	eb2_1	mu	t	tb1_1	tb2_1	ave_U_1	ave_eb1_1	ave_eb2_1	ave_mu_1	ave_t_1	ave_tb1_1	ave_tb2_1	var_U_1	var_eb1_1	var_eb2_1	var_mu_1	var_t_1	var_tb1_1	var_tb2_1	E0_1	sector_1	githash	version	distance	diff_param	diff_hybrid	time
1D_2_4b	4	1	-1	2	1	0.5	0.5	0.096246433	0.072538438	3.9274616	1	-0.68403962	-0.72257031	-0.72257031	0.039177113	0.069788304	0.069788304	0.028690059	0.43790431	1.8294373	1.8294373	-9.1756012	R0:N6:S0:1	8d6f65b	v1.0.0	 9.69e-05	 1.59e-01	 1.00e+06	2022-04-27@13:57
1D_2_4b	4	1.1985693	-1.1985694	2	1	0.60694122	0.60694124	0.10236627	0.093354217	3.9066458	1	-0.6768739	-0.82132396	-0.82132397	0.041225766	0.088819696	0.088819697	0.036307764	0.42209283	1.782808	1.782808	-10.102303	R0:N6:S0:1	8d6f65b	v1.0.0	 1.24e-04	 8.71e-03	 2.56e-02	2022-04-27@13:57
1D_2_4b	4	1.1951789	-1.195179	2	1	0.61878646	0.61878646	0.10351798	0.098107316	3.9018927	1	-0.67524828	-0.84077552	-0.84077551	0.041608406	0.093121679	0.093121675	0.037789082	0.41898088	1.7741315	1.7741315	-10.109078	R0:N6:S0:1	8d6f65b	v1.0.0	 1.12e-04	 3.08e-02	 5.50e-03	2022-04-27@13:57
1D_2_4b	4	1.1524059	-1.1524067	2	1	0.61046529	0.61046028	0.10360211	0.099340041	3.9006609	0.99999952	-0.67486309	-0.84430633	-0.84430216	0.041635616	0.094250227	0.094249373	0.037950006	0.41855365	1.7736584	1.7736627	-9.9324079	R0:N6:S0:1	8d6f65b	v1.0.0	 1.19e-04	 6.52e-04	 2.37e-03	2022-04-27@13:57
1D_2_4b	4	1.1521109	-1.1521103	1.95	1	0.61133409	0.61133872	0.10252874	0.10213615	3.9025873	0.99763829	-0.67471445	-0.85508049	-0.83686601	0.041291542	0.096705987	0.092567911	0.038084986	0.41826571	1.7614885	1.7842551	-9.8328758	R0:N6:S0:1	8d6f65b	v1.0.0	 1.23e-04	 2.40e-02	 1.00e+06	2022-04-27@13:57
1D_2_4b	4	1.1819403	-1.1144445	1.95	1	0.61007218	0.61126012	0.10337878	0.10053646	3.9007851	0.99933924	-0.67468335	-0.84878869	-0.84381303	0.041565178	0.095310917	0.0941582	0.038092597	0.41824526	1.7696568	1.7760928	-9.6817515	R0:N6:S0:1	8d6f65b	v1.0.0	 1.27e-04	 8.27e-03	 4.74e-03	2022-04-27@13:57
1D_2_4b	4	1.1908332	-1.1005699	1.95	1	0.60944255	0.60999342	0.10357908	0.099943724	3.9004164	0.99981994	-0.6747241	-0.84643524	-0.84510075	0.041628924	0.094791602	0.094478368	0.038044415	0.41834114	1.7723035	1.7740703	-9.6251376	R0:N6:S0:1	8d6f65b	v1.0.0	 1.30e-04	 2.97e-04	 1.33e-03	2022-04-27@13:57
1D_2_4b	4	1.22968	-1.0487409	1.9	1	0.60694605	0.60962042	0.10356291	0.10010392	3.9003113	0.99979239	-0.67468493	-0.84673254	-0.84539765	0.04162387	0.094933607	0.094580992	0.038049607	0.418316	1.7721589	1.7743109	-9.3166903	R0:N6:S0:1	8d6f65b	v1.0.0	 1.62e-04	 1.59e-04	 1.00e+06	2022-04-27@13:57
1D_2_4b	4	1.2688011	-0.9964316	1.85	1	0.60446376	0.60933505	0.10356578	0.10027364	3.9001486	0.99978889	-0.67463453	-0.84705853	-0.84591911	0.041625013	0.095084652	0.094735277	0.038064037	0.41827116	1.7720756	1.7743873	-9.0064301	R0:N6:S0:1	8d6f65b	v1.0.0	 2.11e-04	 6.71e-03	 1.00e+06	2022-04-27@13:57
1D_2_4b	4	1.2745429	-0.9846239	1.85	1	0.60510127	0.60663102	0.10358556	0.10007838	3.9001208	0.9999004	-0.67466617	-0.84635133	-0.84573696	0.041630482	0.094919891	0.094751839	0.038021557	0.41835355	1.772994	1.7740415	-8.9580559	R0:N6:S0:1	8d6f65b	v1.0.0	 2.14e-04	 1.48e-04	 8.41e-04	2022-04-27@13:57
model	U	eb1_1	eb2_1	mu	t	tb1_1	tb2_1	ave_U_1	ave_eb1_1	ave_eb2_1	ave_mu_1	ave_t_1	ave_tb1_1	ave_tb2_1	var_U_1	var_eb1_1	var_eb2_1	var_mu_1	var_t_1	var_tb1_1	var_tb2_1	E0_1	sector_1	githash	version	distance	diff_param	diff_hybrid	time
1D_2_4b	4	1	-1	2	1	0.5	0.5	0.096246433	0.072538438	3.9274616	1	-0.68403962	-0.72257031	-0.72257031	0.039177113	0.069788304	0.069788304	0.028690059	0.43790431	1.8294373	1.8294373	-9.1756012	R0:N6:S0:1	8d6f65b	v1.0.0	 9.69e-05	 1.59e-01	 1.00e+06	2022-04-27@13:58
1D_2_4b	4	1.1985693	-1.1985694	2	1	0.60694122	0.60694124	0.10236627	0.093354217	3.9066458	1	-0.6768739	-0.82132396	-0.82132397	0.041225766	0.088819696	0.088819697	0.036307764	0.42209283	1.782808	1.782808	-10.102303	R0:N6:S0:1	8d6f65b	v1.0.0	 1.24e-04	 8.71e-03	 2.56e-02	2022-04-27@13:58
1D_2_4b	4	1.1951789	-1.195179	2	1	0.61878646	0.61878646	0.10351798	0.098107316	3.9018927	1	-0.67524828	-0.84077552	-0.84077551	0.041608406	0.093121679	0.093121675	0.037789082	0.41898088	1.7741315	1.7741315	-10.109078	R0:N6:S0:1	8d6f65b	v1.0.0	 1.12e-04	 3.08e-02	 5.50e-03	2022-04-27@13:58
1D_2_4b	4	1.1524059	-1.1524067	2	1	0.61046529	0.61046028	0.10360211	0.099340041	3.9006609	0.99999952	-0.67486309	-0.84430633	-0.84430216	0.041635616	0.094250227	0.094249373	0.037950006	0.41855365	1.7736584	1.7736627	-9.9324079	R0:N6:S0:1	8d6f65b	v1.0.0	 1.19e-04	 6.52e-04	 2.37e-03	2022-04-27@13:58
1D_2_4b	4	1.1521109	-1.1521103	1.95	1	0.61133409	0.61133872	0.10252874	0.10213615	3.9025873	0.99763829	-0.67471445	-0.85508049	-0.83686601	0.041291542	0.096705987	0.092567911	0.038084986	0.41826571	1.7614885	1.7842551	-9.8328758	R0:N6:S0:1	8d6f65b	v1.0.0	 1.23e-04	 2.40e-02	 1.00e+06	2022-04-27@13:58
1D_2_4b	4	1.1819403	-1.1144445	1.95	1	0.61007218	0.61126012	0.10337878	0.10053646	3.9007851	0.99933924	-0.67468335	-0.84878869	-0.84381303	0.041565178	0.095310917	0.0941582	0.038092597	0.41824526	1.7696568	1.7760928	-9.6817515	R0:N6:S0:1	8d6f65b	v1.0.0	 1.27e-04	 8.27e-03	 4.74e-03	2022-04-27@13:58
1D_2_4b	4	1.1908332	-1.1005699	1.95	1	0.60944255	0.60999342	0.10357908	0.099943724	3.9004164	0.99981994	-0.6747241	-0.84643524	-0.84510075	0.041628924	0.094791602	0.094478368	0.038044415	0.41834114	1.7723035	1.7740703	-9.6251376	R0:N6:S0:1	8d6f65b	v1.0.0	 1.30e-04	 2.97e-04	 1.33e-03	2022-04-27@13:58
1D_2_4b	4	1.22968	-1.0487409	1.9	1	0.60694605	0.60962042	0.10356291	0.10010392	3.9003113	0.99979239	-0.67468493	-0.84673254	-0.84539765	0.04162387	0.094933607	0.094580992	0.038049607	0.418316	1.7721589	1.7743109	-9.3166903	R0:N6:S0:1	8d6f65b	v1.0.0	 1.62e-04	 1.59e-04	 1.00e+06	2022-04-27@13:58
1D_2_4b	4	1.2688011	-0.9964316	1.85	1	0.60446376	0.60933505	0.10356578	0.10027364	3.9001486	0.99978889	-0.67463453	-0.84705853	-0.84591911	0.041625013	0.095084652	0.094735277	0.038064037	0.41827116	1.7720756	1.7743873	-9.0064301	R0:N6:S0:1	8d6f65b	v1.0.0	 2.11e-04	 6.71e-03	 1.00e+06	2022-04-27@13:58
1D_2_4b	4	1.2745429	-0.9846239	1.85	1	0.60510127	0.60663102	0.10358556	0.10007838	3.9001208	0.9999004	-0.67466617	-0.84635133	-0.84573696	0.041630482	0.094919891	0.094751839	0.038021557	0.41835355	1.772994	1.7740415	-8.9580559	R0:N6:S0:1	8d6f65b	v1.0.0	 2.14e-04	 1.48e-04	 8.41e-04	2022-04-27@13:58
1D_2_4b	4	1.3253823	-0.90861008	1.8	1	0.60305285	0.60105808	0.10364089	0.099614827	3.8999527	1.0002163	-0.67472948	-0.8442513	-0.84571765	0.041646418	0.09452306	0.094893452	0.037905581	0.4185688	1.7754559	1.7732543	-8.5500725	R0:N6:S0:1	8d6f65b	v1.0.0	 3.13e-04	 8.17e-03	 1.00e+06	2022-04-27@13:58
1D_2_4b	4	1.3192796	-0.92347389	1.8	1	0.60249316	0.60401165	0.10357576	0.099790175	3.9001309	1.0000395	-0.67472547	-0.84491521	-0.84537209	0.041626318	0.094667288	0.094742825	0.037929896	0.41852761	1.7743041	1.7740101	-8.6106751	R0:N6:S0:1	8d6f65b	v1.0.0	 3.06e-04	 1.27e-04	 1.14e-03	2022-04-27@13:58
1D_2_4b	4	1.3637082	-0.86541687	1.75	1	0.59995979	0.60112194	0.10347141	0.099422298	3.9004455	1.0000661	-0.67484916	-0.84320849	-0.84383623	0.041591371	0.09433995	0.094460661	0.037787046	0.41881229	1.7753646	1.7747934	-8.2752264	R0:N6:S0:1	8d6f65b	v1.0.0	 4.46e-04	 0.00e+00	 1.00e+06	2022-04-27@13:58
1D_2_4b	4	1.4079663	-0.81017807	1.7	1	0.59712776	0.59871319	0.10334832	0.098944055	3.9008695	1.0000932	-0.67500901	-0.84106519	-0.8419474	0.041550318	0.093910651	0.094080752	0.037617983	0.41915518	1.7765419	1.7757329	-7.9509458	R0:N6:S0:1	8d6f65b	v1.0.0	 6.64e-04	 5.16e-04	 1.00e+06	2022-04-27@13:58
1D_2_4b	4	1.4506606	-0.75687005	1.65	1	0.59592994	0.59832487	0.10337182	0.099228761	3.9006259	1.0000727	-0.67492428	-0.84196077	-0.84276587	0.041558249	0.094167805	0.09430531	0.037668436	0.41903723	1.7761935	1.7756309	-7.6374309	R0:N6:S0:1	8d6f65b	v1.0.0	 9.90e-04	 2.51e-02	 1.00e+06	2022-04-27@13:58
1D_2_4b	4	1.4051545	-0.73957659	1.65	1	0.58566685	0.5922246	0.10309369	0.099697133	3.9007381	0.99978238	-0.67489807	-0.84233514	-0.84133605	0.041467488	0.094588725	0.094236129	0.037538385	0.41923881	1.7758505	1.7783501	-7.5607209	R0:N6:S0:1	8d6f65b	v1.0.0	 9.98e-04	 1.64e-04	 1.58e-03	2022-04-27@13:58
1D_2_4b	4	1.356366	-0.65476152	1.6	1	0.56441304	0.57931941	0.10245394	0.10112733	3.9008747	0.99899898	-0.67476336	-0.84452375	-0.83846322	0.041259078	0.095872816	0.094191587	0.037309934	0.41955861	1.7741239	1.7848017	-7.1060671	R0:N6:S0:1	8d6f65b	v1.0.0	 1.56e-03	 7.33e-03	 1.00e+06	2022-04-27@13:58
1D_2_4b	4	1.3580969	-0.66849648	1.6	1	0.56721787	0.5832487	0.10252628	0.10185466	3.9005382	0.99880355	-0.67457218	-0.8476472	-0.8402332	0.041284469	0.096515054	0.094498763	0.037519048	0.41913592	1.7718074	1.784439	-7.1651387	R0:N6:S0:1	8d6f65b	v1.0.0	 1.54e-03	 1.26e-04	 1.54e-03	2022-04-27@13:58
1D_2_4b	4	1.2667257	-0.59671824	1.55	1	0.54214735	0.57243369	0.10169595	0.10614866	3.8997033	0.99707402	-0.6738379	-0.85896442	-0.84050021	0.041017853	0.10033245	0.0953993	0.037684299	0.41856439	1.7633924	1.7940117	-6.7644165	R0:N6:S0:1	8d6f65b	v1.0.0	 2.41e-03	 5.33e-02	 1.00e+06	2022-04-27@13:58
1D_2_4b	4	1.3707548	-0.60903495	1.55	1	0.56108756	0.57852112	0.10221666	0.1029657	3.9005693	0.99823251	-0.67442296	-0.85072162	-0.83916911	0.041184318	0.097508125	0.094505363	0.037520978	0.41907098	1.7693652	1.7876646	-6.8228821	R0:N6:S0:1	8d6f65b	v1.0.0	 2.45e-03	 1.76e-03	 2.85e-03	2022-04-27@13:58
1D_2_4b	4	1.371709	-0.60600373	1.55	1	0.55965602	0.57800577	0.10223505	0.10246542	3.9006864	0.99842408	-0.67452922	-0.84869412	-0.83868438	0.041189515	0.097062156	0.09439704	0.037422497	0.41927705	1.7708475	1.7873562	-6.8093117	R0:N6:S0:1	8d6f65b	v1.0.0	 2.47e-03	 1.17e-04	 6.53e-04	2022-04-27@13:58
1D_2_4b	4	1.44588	-0.55150005	1.5	1	0.56254015	0.577355	0.10232025	0.10132504	3.9010505	0.99881222	-0.67476942	-0.84496196	-0.83746268	0.041215475	0.096049802	0.094041942	0.03726736	0.41963095	1.7735798	1.7860721	-6.4911775	R0:N6:S0:1	8d6f65b	v1.0.0	 4.32e-03	 4.31e-02	 1.00e+06	2022-04-27@13:58
1D_2_4b	4	1.36472	-0.53018049	1.5	1	0.54522156	0.56869893	0.10180683	0.10273814	3.9010074	0.99812724	-0.67460403	-0.84731106	-0.83569231	0.041048519	0.0973115	0.094158016	0.037120883	0.41980604	1.7716883	1.7915393	-6.394394	R0:N6:S0:1	8d6f65b	v1.0.0	 4.30e-03	 3.01e-04	 3.20e-03	2022-04-27@13:58
1D_2_4b	4	1.336962	-0.44206504	1.45	1	0.52485309	0.55300195	0.10099344	0.10267921	3.9021505	0.99758513	-0.67491441	-0.84349593	-0.82833984	0.040779849	0.097269897	0.093197822	0.036504525	0.42095367	1.7735308	1.799203	-5.9233893	R0:N6:S0:1	8d6f65b	v1.0.0	 8.19e-03	 6.42e-03	 1.00e+06	2022-04-27@13:58
1D_2_4b	4	1.3341449	-0.45383479	1.45	1	0.52804295	0.55590184	0.10100738	0.10397151	3.9017042	0.99716213	-0.67461378	-0.84869631	-0.83037348	0.040786722	0.098416019	0.09361023	0.036789942	0.4203571	1.7697648	1.7995115	-5.9747091	R0:N6:S0:1	8d6f65b	v1.0.0	 7.98e-03	 1.81e-03	 2.67e-03	2022-04-27@13:58
1D_2_4b	4	1.332959	-0.45712998	1.45	1	0.52841126	0.55674919	0.10101309	0.10419729	3.9016221	0.99709031	-0.6745601	-0.84958221	-0.83079033	0.04078908	0.098614385	0.093687065	0.036842354	0.4202483	1.7690767	1.7995538	-5.9887058	R0:N6:S0:1	8d6f65b	v1.0.0	 7.93e-03	 8.45e-05	 6.99e-04	2022-04-27@13:58
1D_2_4b	4	1.2763576	-0.3863619	1.4	1	0.50885477	0.54363748	0.09999788	0.10725179	3.9018826	0.99543282	-0.67424005	-0.85645764	-0.82633549	0.04045813	0.10133133	0.093580902	0.036698929	0.42035357	1.7629669	1.8104516	-5.5913956	R0:N6:S0:1	8d6f65b	v1.0.0	 1.56e-02	 3.68e-02	 1.00e+06	2022-04-27@13:58
1D_2_4b	4	1.2034535	-0.38400891	1.4	1	0.49962475	0.5404515	0.099579137	0.11164342	3.9003822	0.99398717	-0.67336843	-0.86925625	-0.8300411	0.040325513	0.10521859	0.09505344	0.037157165	0.41923935	1.7540336	1.816422	-5.5795906	R0:N6:S0:1	8d6f65b	v1.0.0	 1.51e-02	 2.08e-03	 2.40e-03	2022-04-27@13:58
1D_2_4b	4	1.2030043	-0.38766037	1.4	1	0.50131567	0.54136972	0.099585061	0.11231873	3.9001339	0.99377369	-0.67320985	-0.87186427	-0.83108641	0.040328494	0.10581346	0.095281362	0.037300376	0.41893644	1.7521869	1.8165622	-5.5961172	R0:N6:S0:1	8d6f65b	v1.0.0	 1.49e-02	 6.31e-05	 1.08e-03	2022-04-27@13:58
1D_2_4b	4	0.97501328	-0.3220272	1.35	1	0.46399531	0.52211169	0.097336502	0.13283702	3.8932711	0.98694594	-0.66939986	-0.92499997	-0.8449742	0.039606408	0.1237103	0.10207732	0.039080254	0.41442341	1.7131386	1.8480051	-5.2194496	R0:N6:S0:1	8d6f65b	v1.0.0	 2.55e-02	 4.03e-02	 1.00e+06	2022-04-27@13:58
1D_2_4b	4	1.051687	-0.33790641	1.35	1	0.48241019	0.52769614	0.097754836	0.12902577	3.8954613	0.98775645	-0.67009362	-0.91937916	-0.84087609	0.039742202	0.12041187	0.099902487	0.038994773	0.41483462	1.7164838	1.8409849	-5.2929425	R0:N6:S0:1	8d6f65b	v1.0.0	 2.54e-02	 6.07e-04	 5.41e-03	2022-04-27@13:58
1D_2_4b	4	0.87990477	-0.30834203	1.3	1	0.46822312	0.51628957	0.095436395	0.15805015	3.8852983	0.97832577	-0.66446112	-0.99434244	-0.86622706	0.039000856	0.14507176	0.10970688	0.042246	0.407095	1.6581097	1.8753693	-5.0808079	R0:N6:S0:1	8d6f65b	v1.0.0	 3.69e-02	 1.48e-02	 1.00e+06	2022-04-27@13:58
1D_2_4b	4	0.90915394	-0.30510544	1.3	1	0.47032862	0.51716507	0.095715913	0.15352537	3.8871681	0.97965325	-0.66536734	-0.98349803	-0.86127411	0.039089604	0.1412861	0.1079211	0.041729017	0.40832516	1.6665507	1.8707103	-5.0665119	R0:N6:S0:1	8d6f65b	v1.0.0	 3.78e-02	 9.90e-04	 2.75e-03	2022-04-27@13:58
1D_2_4b	4	0.77497852	-0.28387235	1.25	1	0.46577846	0.50717003	0.093264269	0.18913978	3.8737396	0.96856031	-0.65842732	-1.0667698	-0.89519957	0.038301449	0.17054528	0.12067229	0.045753963	0.39872879	1.5986774	1.9078597	-4.8961064	R0:N6:S0:1	8d6f65b	v1.0.0	 4.98e-02	 9.07e-03	 1.00e+06	2022-04-27@13:58
1D_2_4b	4	0.75915014	-0.27769974	1.25	1	0.45948259	0.50624937	0.093227736	0.19041295	3.8723868	0.96860013	-0.65820792	-1.0667762	-0.89796326	0.038289719	0.17157793	0.12197592	0.045725866	0.3987014	1.5993937	1.9097319	-4.8676615	R0:N6:S0:1	8d6f65b	v1.0.0	 5.03e-02	 8.19e-04	 3.19e-03	2022-04-27@13:58
1D_2_4b	4	0.59997502	-0.25670645	1.2	1	0.45275519	0.49512341	0.090032411	0.25173533	3.8436301	0.95231728	-0.64633684	-1.1814942	-0.96730236	0.037257101	0.21909011	0.14865582	0.05197808	0.38341991	1.5047009	1.9624686	-4.7074873	R0:N6:S0:1	8d6f65b	v1.0.0	 6.16e-02	 2.03e-03	 1.00e+06	2022-04-27@13:58
1D_2_4b	4	0.60149918	-0.25384906	1.2	1	0.45034036	0.4948022	0.090093991	0.24971767	3.8443823	0.95295001	-0.64679731	-1.1766949	-0.9649106	0.037276033	0.21758011	0.14799444	0.051674889	0.38410608	1.5087149	1.9618357	-4.6929637	R0:N6:S0:1	8d6f65b	v1.0.0	 6.19e-02	 0.00e+00	 1.97e-03	2022-04-27@13:58
1D_2_4b	4	0.43786517	-0.23596105	1.15	1	0.44071863	0.48418982	0.086033789	0.34831807	3.789961	0.93086045	-0.62860135	-1.3150619	-1.0834079	0.035947617	0.28716538	0.19668046	0.06011895	0.36273462	1.394425	2.0288514	-4.5558256	R0:N6:S0:1	8d6f65b	v1.0.0	 7.14e-02	 2.46e-02	 1.00e+06	2022-04-27@13:58
1D_2_4b	4	0.4861517	-0.23486681	1.15	1	0.4501728	0.48511271	0.086801515	0.32374382	3.8061159	0.93507015	-0.63285815	-1.2898345	-1.0504779	0.036198425	0.27065865	0.18238918	0.058461281	0.3671382	1.4143078	2.0129766	-4.5487558	R0:N6:S0:1	8d6f65b	v1.0.0	 7.19e-02	 1.75e-03	 6.62e-03	2022-04-27@13:58
1D_2_4b	4	0.48704454	-0.23396519	1.15	1	0.44704138	0.48420848	0.086798523	0.31989978	3.808353	0.93587362	-0.63377401	-1.2827296	-1.0444712	0.036193613	0.26795933	0.18045682	0.057966321	0.36826766	1.4191341	2.0130757	-4.5400607	R0:N6:S0:1	8d6f65b	v1.0.0	 7.16e-02	 5.89e-04	 1.76e-03	2022-04-27@13:58
1D_2_4b	4	0.41621519	-0.21731148	1.1	1	0.44665884	0.47401667	0.083696812	0.38426986	3.7748121	0.92045902	-0.62243541	-1.3647239	-1.1121671	0.035152031	0.31049497	0.20969944	0.06309778	0.35489541	1.3478996	2.0539278	-4.3974289	R0:N6:S0:1	8d6f65b	v1.0.0	 7.96e-02	 8.71e-03	 1.00e+06	2022-04-27@13:58
1D_2_4b	4	0.3996542	-0.21694656	1.1	1	0.4412743	0.47383776	0.083422764	0.39363093	3.768041	0.91916403	-0.62100298	-1.3710636	-1.1248166	0.035060538	0.31632065	0.21557131	0.063555334	0.35356667	1.3428285	2.0600676	-4.3949277	R0:N6:S0:1	8d6f65b	v1.0.0	 7.94e-02	 5.89e-04	 2.55e-03	2022-04-27@13:58
1D_2_4b	4	0.33696274	-0.20338191	1.05	1	0.43917207	0.46457065	0.080156786	0.4684291	3.7259691	0.90280088	-0.60857018	-1.4475042	-1.2027166	0.033943803	0.36108074	0.25080468	0.068679011	0.3396723	1.277846	2.0975033	-4.2661697	R0:N6:S0:1	8d6f65b	v1.0.0	 8.55e-02	 1.14e-03	 1.00e+06	2022-04-27@13:58
1D_2_4b	4	0.3360887	-0.20251316	1.05	1	0.44105974	0.46421614	0.080121512	0.47152261	3.7239582	0.9022596	-0.60793461	-1.4517786	-1.2063635	0.033933279	0.36308217	0.25244152	0.068948555	0.33902721	1.2760781	2.0971684	-4.2656539	R0:N6:S0:1	8d6f65b	v1.0.0	 8.55e-02	 2.22e-04	 1.51e-03	2022-04-27@13:58
